country,country_name,type,year,value,ratio,conventional_thermal,renewable_rate
BE,Belgium,Conventional thermal,A,30728,0.367427956,0.367427956,0.131483917
BE,Belgium,Nuclear,A,41430,0.495396389,0.367427956,0.131483917
BE,Belgium,Hydro,A,1476,0.017649169,0.367427956,0.131483917
BE,Belgium,Pumped hydro power,A,1110,0.013272749,0.367427956,0.131483917
BE,Belgium,Wind,A,5340,0.063852684,0.367427956,0.131483917
BE,Belgium,Solar,A,3070,0.036709315,0.367427956,0.131483917
BE,Belgium,Geothermal,A,0,0,0.367427956,0.131483917
BE,Belgium,Other,A,476,0.005691737,0.367427956,0.131483917
BG,Bulgaria,Conventional thermal,A,18909,0.451935946,0.451935946,0.190368069
BG,Bulgaria,Nuclear,A,14932,0.356883365,0.451935946,0.190368069
BG,Bulgaria,Hydro,A,4535,0.108389101,0.451935946,0.190368069
BG,Bulgaria,Pumped hydro power,A,619,0.014794455,0.451935946,0.190368069
BG,Bulgaria,Wind,A,1425,0.034058317,0.451935946,0.190368069
BG,Bulgaria,Solar,A,1386,0.033126195,0.451935946,0.190368069
BG,Bulgaria,Geothermal,A,0,0,0.451935946,0.190368069
BG,Bulgaria,Other,A,34,0.00081262,0.451935946,0.190368069
CZ,Czechia,Conventional thermal,A,47817,0.616325531,0.616325531,0.089618994
CZ,Czechia,Nuclear,A,22727,0.29293411,0.616325531,0.089618994
CZ,Czechia,Hydro,A,3169,0.040846051,0.616325531,0.089618994
CZ,Czechia,Pumped hydro power,A,1186,0.015286657,0.616325531,0.089618994
CZ,Czechia,Wind,A,488,0.006289957,0.616325531,0.089618994
CZ,Czechia,Solar,A,2110,0.027196329,0.616325531,0.089618994
CZ,Czechia,Geothermal,A,0,0,0.616325531,0.089618994
CZ,Czechia,Other,A,87,0.001121365,0.616325531,0.089618994
DK,Denmark,Conventional thermal,A,15533.149,0.534190292,0.534190292,0.465809708
DK,Denmark,Nuclear,A,0,0,0.534190292,0.465809708
DK,Denmark,Hydro,A,19.272,0.000662771,0.534190292,0.465809708
DK,Denmark,Pumped hydro power,A,0,0,0.534190292,0.465809708
DK,Denmark,Wind,A,12781.731,0.439568089,0.534190292,0.465809708
DK,Denmark,Solar,A,743.78,0.025578848,0.534190292,0.465809708
DK,Denmark,Geothermal,A,0,0,0.534190292,0.465809708
DK,Denmark,Other,A,0,0,0.534190292,0.465809708
DE,Germany,Conventional thermal,A,390141,0.629659816,0.629659816,0.238251405
DE,Germany,Nuclear,A,80038,0.129175637,0.629659816,0.238251405
DE,Germany,Hydro,A,25690,0.041461832,0.629659816,0.238251405
DE,Germany,Pumped hydro power,A,5451,0.008797526,0.629659816,0.238251405
DE,Germany,Wind,A,78218,0.126238287,0.629659816,0.238251405
DE,Germany,Solar,A,38098,0.061487461,0.629659816,0.238251405
DE,Germany,Geothermal,A,165,0.000266298,0.629659816,0.238251405
DE,Germany,Other,A,1805,0.002913142,0.629659816,0.238251405
EE,Estonia,Conventional thermal,A,9795,0.93965848,0.93965848,0.06034152
EE,Estonia,Nuclear,A,0,0,0.93965848,0.06034152
EE,Estonia,Hydro,A,35,0.003357636,0.93965848,0.06034152
EE,Estonia,Pumped hydro power,A,0,0,0.93965848,0.06034152
EE,Estonia,Wind,A,594,0.056983883,0.93965848,0.06034152
EE,Estonia,Solar,A,0,0,0.93965848,0.06034152
EE,Estonia,Geothermal,A,0,0,0.93965848,0.06034152
EE,Estonia,Other,A,0,0,0.93965848,0.06034152
IE,Ireland,Conventional thermal,A,22571.711,0.752944634,0.752944634,0.247055366
IE,Ireland,Nuclear,A,0,0,0.752944634,0.247055366
IE,Ireland,Hydro,A,962.861,0.032119011,0.752944634,0.247055366
IE,Ireland,Pumped hydro power,A,288.676,0.009629622,0.752944634,0.247055366
IE,Ireland,Wind,A,6148.508,0.205101249,0.752944634,0.247055366
IE,Ireland,Solar,A,6.16,0.000205485,0.752944634,0.247055366
IE,Ireland,Geothermal,A,0,0,0.752944634,0.247055366
IE,Ireland,Other,A,0,0,0.752944634,0.247055366
EL,Greece,Conventional thermal,A,35586,0.708193198,0.708193198,0.291806802
EL,Greece,Nuclear,A,0,0,0.708193198,0.291806802
EL,Greece,Hydro,A,5565,0.110748473,0.708193198,0.291806802
EL,Greece,Pumped hydro power,A,22,0.00043782,0.708193198,0.291806802
EL,Greece,Wind,A,5146,0.102409998,0.708193198,0.291806802
EL,Greece,Solar,A,3930,0.078210512,0.708193198,0.291806802
EL,Greece,Geothermal,A,0,0,0.708193198,0.291806802
EL,Greece,Other,A,0,0,0.708193198,0.291806802
ES,Spain,Conventional thermal,A,108210,0.404139621,0.404139621,0.385999836
ES,Spain,Nuclear,A,56100,0.209520679,0.404139621,0.385999836
ES,Spain,Hydro,A,39180,0.146328346,0.404139621,0.385999836
ES,Spain,Pumped hydro power,A,3410,0.012735571,0.404139621,0.385999836
ES,Spain,Wind,A,47712,0.178193416,0.404139621,0.385999836
ES,Spain,Solar,A,13051,0.048742502,0.404139621,0.385999836
ES,Spain,Geothermal,A,0,0,0.404139621,0.385999836
ES,Spain,Other,A,91,0.000339864,0.404139621,0.385999836
FR,France,Conventional thermal,A,60607.854,0.111194718,0.111194718,0.183254969
FR,France,Nuclear,A,384008.125,0.704523794,0.111194718,0.183254969
FR,France,Hydro,A,64879.956,0.119032567,0.111194718,0.183254969
FR,France,Pumped hydro power,A,4786.979,0.008782472,0.111194718,0.183254969
FR,France,Wind,A,21472.916,0.039395469,0.111194718,0.183254969
FR,France,Solar,A,8657.27,0.015883135,0.111194718,0.183254969
FR,France,Geothermal,A,87.933,0.000161327,0.111194718,0.183254969
FR,France,Other,A,559.515,0.001026519,0.111194718,0.183254969
HR,Croatia,Conventional thermal,A,4241,0.339578829,0.339578829,0.660421171
HR,Croatia,Nuclear,A,0,0,0.339578829,0.660421171
HR,Croatia,Hydro,A,6967,0.557850909,0.339578829,0.660421171
HR,Croatia,Pumped hydro power,A,205,0.016414445,0.339578829,0.660421171
HR,Croatia,Wind,A,1010,0.080871167,0.339578829,0.660421171
HR,Croatia,Solar,A,66,0.00528465,0.339578829,0.660421171
HR,Croatia,Geothermal,A,0,0,0.339578829,0.660421171
HR,Croatia,Other,A,0,0,0.339578829,0.660421171
IT,Italy,Conventional thermal,A,190121,0.675318681,0.675318681,0.322372489
IT,Italy,Nuclear,A,0,0,0.675318681,0.322372489
IT,Italy,Hydro,A,43784.622,0.155525024,0.675318681,0.322372489
IT,Italy,Pumped hydro power,A,1825.204,0.00648321,0.675318681,0.322372489
IT,Italy,Wind,A,17523,0.062242515,0.675318681,0.322372489
IT,Italy,Solar,A,21757,0.077281881,0.675318681,0.322372489
IT,Italy,Geothermal,A,5867,0.020839858,0.675318681,0.322372489
IT,Italy,Other,A,650,0.00230883,0.675318681,0.322372489
CY,Cyprus,Conventional thermal,A,4295,0.920165617,0.920165617,0.079834383
CY,Cyprus,Nuclear,A,0,0,0.920165617,0.079834383
CY,Cyprus,Hydro,A,0,0,0.920165617,0.079834383
CY,Cyprus,Pumped hydro power,A,0,0,0.920165617,0.079834383
CY,Cyprus,Wind,A,226.701,0.048568676,0.920165617,0.079834383
CY,Cyprus,Solar,A,145.937,0.031265707,0.920165617,0.079834383
CY,Cyprus,Geothermal,A,0,0,0.920165617,0.079834383
CY,Cyprus,Other,A,0,0,0.920165617,0.079834383
LV,Latvia,Conventional thermal,A,3277,0.552893538,0.552893538,0.447106462
LV,Latvia,Nuclear,A,0,0,0.552893538,0.447106462
LV,Latvia,Hydro,A,2523,0.425679096,0.552893538,0.447106462
LV,Latvia,Pumped hydro power,A,0,0,0.552893538,0.447106462
LV,Latvia,Wind,A,127,0.021427366,0.552893538,0.447106462
LV,Latvia,Solar,A,0,0,0.552893538,0.447106462
LV,Latvia,Geothermal,A,0,0,0.552893538,0.447106462
LV,Latvia,Other,A,0,0,0.552893538,0.447106462
LT,Lithuania,Conventional thermal,A,1566,0.338375108,0.338375108,0.605012965
LT,Lithuania,Nuclear,A,0,0,0.338375108,0.605012965
LT,Lithuania,Hydro,A,1027,0.221910112,0.338375108,0.605012965
LT,Lithuania,Pumped hydro power,A,577,0.124675886,0.338375108,0.605012965
LT,Lithuania,Wind,A,1130,0.244165946,0.338375108,0.605012965
LT,Lithuania,Solar,A,66,0.01426102,0.338375108,0.605012965
LT,Lithuania,Geothermal,A,0,0,0.338375108,0.605012965
LT,Lithuania,Other,A,262,0.056611927,0.338375108,0.605012965
LU,Luxembourg,Conventional thermal,A,449.564,0.125845205,0.125845205,0.874154795
LU,Luxembourg,Nuclear,A,0,0,0.125845205,0.874154795
LU,Luxembourg,Hydro,A,1516.352,0.424468215,0.125845205,0.874154795
LU,Luxembourg,Pumped hydro power,A,1404.667,0.393204543,0.125845205,0.874154795
LU,Luxembourg,Wind,A,101.486,0.028408695,0.125845205,0.874154795
LU,Luxembourg,Solar,A,100.288,0.028073342,0.125845205,0.874154795
LU,Luxembourg,Geothermal,A,0,0,0.125845205,0.874154795
LU,Luxembourg,Other,A,0,0,0.125845205,0.874154795
HU,Hungary,Conventional thermal,A,13156,0.445241641,0.445241641,0.039224313
HU,Hungary,Nuclear,A,15162,0.513131176,0.445241641,0.039224313
HU,Hungary,Hydro,A,253,0.008562339,0.445241641,0.039224313
HU,Hungary,Pumped hydro power,A,0,0,0.445241641,0.039224313
HU,Hungary,Wind,A,665,0.022505753,0.445241641,0.039224313
HU,Hungary,Solar,A,241,0.00815622,0.445241641,0.039224313
HU,Hungary,Geothermal,A,0,0,0.445241641,0.039224313
HU,Hungary,Other,A,71,0.00240287,0.445241641,0.039224313
MT,Malta,Conventional thermal,A,680,0.842459983,0.842459983,0.157540017
MT,Malta,Nuclear,A,0,0,0.842459983,0.157540017
MT,Malta,Hydro,A,0,0,0.842459983,0.157540017
MT,Malta,Pumped hydro power,A,0,0,0.842459983,0.157540017
MT,Malta,Wind,A,0,0,0.842459983,0.157540017
MT,Malta,Solar,A,127.16,0.157540017,0.842459983,0.157540017
MT,Malta,Geothermal,A,0,0,0.842459983,0.157540017
MT,Malta,Other,A,0,0,0.842459983,0.157540017
NL,Netherlands,Conventional thermal,A,97271.8,0.876067966,0.876067966,0.088914273
NL,Netherlands,Nuclear,A,3750,0.03377397,0.876067966,0.088914273
NL,Netherlands,Hydro,A,100.079,0.000901351,0.876067966,0.088914273
NL,Netherlands,Pumped hydro power,A,0,0,0.876067966,0.088914273
NL,Netherlands,Wind,A,8170.462,0.073586384,0.876067966,0.088914273
NL,Netherlands,Solar,A,1601.811,0.014426538,0.876067966,0.088914273
NL,Netherlands,Geothermal,A,0,0,0.876067966,0.088914273
NL,Netherlands,Other,A,138.101,0.001243792,0.876067966,0.088914273
AT,Austria,Conventional thermal,A,18065.01,0.266662953,0.266662953,0.733120174
AT,Austria,Nuclear,A,0,0,0.266662953,0.733120174
AT,Austria,Hydro,A,40772.188,0.60185032,0.266662953,0.733120174
AT,Austria,Pumped hydro power,A,2883.861,0.042569525,0.266662953,0.733120174
AT,Austria,Wind,A,4968.262,0.073337984,0.266662953,0.733120174
AT,Austria,Solar,A,1040.698,0.015362051,0.266662953,0.733120174
AT,Austria,Geothermal,A,0.02,2.95E-07,0.266662953,0.733120174
AT,Austria,Other,A,14.692,0.000216873,0.266662953,0.733120174
PL,Poland,Conventional thermal,A,136945,0.898135456,0.898135456,0.101444808
PL,Poland,Nuclear,A,0,0,0.898135456,0.101444808
PL,Poland,Hydro,A,2591,0.016992727,0.898135456,0.101444808
PL,Poland,Pumped hydro power,A,474,0.003108666,0.898135456,0.101444808
PL,Poland,Wind,A,12279,0.080530178,0.898135456,0.101444808
PL,Poland,Solar,A,124,0.000813237,0.898135456,0.101444808
PL,Poland,Geothermal,A,0,0,0.898135456,0.101444808
PL,Poland,Other,A,64,0.000419735,0.898135456,0.101444808
PT,Portugal,Conventional thermal,A,28702,0.477983865,0.477983865,0.522016135
PT,Portugal,Nuclear,A,0,0,0.477983865,0.522016135
PT,Portugal,Hydro,A,16794.113,0.279677899,0.477983865,0.522016135
PT,Portugal,Pumped hydro power,A,1186,0.019750849,0.477983865,0.522016135
PT,Portugal,Wind,A,12343.336,0.205557642,0.477983865,0.522016135
PT,Portugal,Solar,A,870.603,0.014498439,0.477983865,0.522016135
PT,Portugal,Geothermal,A,152,0.002531306,0.477983865,0.522016135
PT,Portugal,Other,A,0,0,0.477983865,0.522016135
RO,Romania,Conventional thermal,A,23304,0.383522868,0.383522868,0.445879894
RO,Romania,Nuclear,A,10366,0.170597238,0.383522868,0.445879894
RO,Romania,Hydro,A,18239,0.30016622,0.383522868,0.445879894
RO,Romania,Pumped hydro power,A,507,0.008343893,0.383522868,0.445879894
RO,Romania,Wind,A,6527,0.107417343,0.383522868,0.445879894
RO,Romania,Solar,A,1820,0.029952438,0.383522868,0.445879894
RO,Romania,Geothermal,A,0,0,0.383522868,0.445879894
RO,Romania,Other,A,0,0,0.383522868,0.445879894
SI,Slovenia,Conventional thermal,A,5121,0.323622346,0.323622346,0.333164813
SI,Slovenia,Nuclear,A,5431,0.343212841,0.323622346,0.333164813
SI,Slovenia,Hydro,A,4721,0.298344287,0.323622346,0.333164813
SI,Slovenia,Pumped hydro power,A,278,0.017568251,0.323622346,0.333164813
SI,Slovenia,Wind,A,6,0.000379171,0.323622346,0.333164813
SI,Slovenia,Solar,A,267,0.016873104,0.323622346,0.333164813
SI,Slovenia,Geothermal,A,0,0,0.323622346,0.333164813
SI,Slovenia,Other,A,0,0,0.323622346,0.333164813
SK,Slovakia,Conventional thermal,A,6065,0.24025511,0.24025511,0.211337347
SK,Slovakia,Nuclear,A,13732,0.543970845,0.24025511,0.211337347
SK,Slovakia,Hydro,A,4549,0.180201236,0.24025511,0.211337347
SK,Slovakia,Pumped hydro power,A,247,0.009784503,0.24025511,0.211337347
SK,Slovakia,Wind,A,6,0.00023768,0.24025511,0.211337347
SK,Slovakia,Solar,A,533,0.021113928,0.24025511,0.211337347
SK,Slovakia,Geothermal,A,0,0,0.24025511,0.211337347
SK,Slovakia,Other,A,112,0.004436698,0.24025511,0.211337347
FI,Finland,Conventional thermal,A,24950,0.376888218,0.376888218,0.282794562
FI,Finland,Nuclear,A,22280,0.336555891,0.376888218,0.282794562
FI,Finland,Hydro,A,15634,0.236163142,0.376888218,0.282794562
FI,Finland,Pumped hydro power,A,0,0,0.376888218,0.282794562
FI,Finland,Wind,A,3068,0.046344411,0.376888218,0.282794562
FI,Finland,Solar,A,19,0.000287009,0.376888218,0.282794562
FI,Finland,Geothermal,A,0,0,0.376888218,0.282794562
FI,Finland,Other,A,249,0.003761329,0.376888218,0.282794562
SE,Sweden,Conventional thermal,A,14621,0.095781199,0.095781199,0.507730102
SE,Sweden,Nuclear,A,60524,0.3964887,0.095781199,0.507730102
SE,Sweden,Hydro,A,61764,0.404611857,0.095781199,0.507730102
SE,Sweden,Pumped hydro power,A,119,0.000779561,0.095781199,0.507730102
SE,Sweden,Wind,A,15479,0.1014019,0.095781199,0.507730102
SE,Sweden,Solar,A,143,0.000936783,0.095781199,0.507730102
SE,Sweden,Geothermal,A,0,0,0.095781199,0.507730102
SE,Sweden,Other,A,0,0,0.095781199,0.507730102
NO,Norway,Conventional thermal,A,3212,0.021403916,0.021403916,0.976616955
NO,Norway,Nuclear,A,0,0,0.021403916,0.976616955
NO,Norway,Hydro,A,143442,0.955859422,0.021403916,0.976616955
NO,Norway,Pumped hydro power,A,999,0.006657071,0.021403916,0.976616955
NO,Norway,Wind,A,2116,0.014100462,0.021403916,0.976616955
NO,Norway,Solar,A,0,0,0.021403916,0.976616955
NO,Norway,Geothermal,A,0,0,0.021403916,0.976616955
NO,Norway,Other,A,297,0.001979129,0.021403916,0.976616955
ME,Montenegro,Conventional thermal,A,1216,0.402249421,0.402249421,0.597750579
ME,Montenegro,Nuclear,A,0,0,0.402249421,0.597750579
ME,Montenegro,Hydro,A,1807,0.597750579,0.402249421,0.597750579
ME,Montenegro,Pumped hydro power,A,0,0,0.402249421,0.597750579
ME,Montenegro,Wind,A,0,0,0.402249421,0.597750579
ME,Montenegro,Solar,A,0,0,0.402249421,0.597750579
ME,Montenegro,Geothermal,A,0,0,0.402249421,0.597750579
ME,Montenegro,Other,A,0,0,0.402249421,0.597750579
MK,North Macedonia,Conventional thermal,A,3281.378,0.620972917,0.620972917,0.379027083
MK,North Macedonia,Nuclear,A,0,0,0.620972917,0.379027083
MK,North Macedonia,Hydro,A,1869.694,0.35382371,0.620972917,0.379027083
MK,North Macedonia,Pumped hydro power,A,0,0,0.620972917,0.379027083
MK,North Macedonia,Wind,A,109.482,0.020718539,0.620972917,0.379027083
MK,North Macedonia,Solar,A,23.699,0.004484834,0.620972917,0.379027083
MK,North Macedonia,Geothermal,A,0,0,0.620972917,0.379027083
MK,North Macedonia,Other,A,0,0,0.620972917,0.379027083
AL,Albania,Conventional thermal,A,0,0,0,1
AL,Albania,Nuclear,A,0,0,0,1
AL,Albania,Hydro,A,7136,1,0,1
AL,Albania,Pumped hydro power,A,0,0,0,1
AL,Albania,Wind,A,0,0,0,1
AL,Albania,Solar,A,0,0,0,1
AL,Albania,Geothermal,A,0,0,0,1
AL,Albania,Other,A,0,0,0,1
RS,Serbia,Conventional thermal,A,25161,0.673546418,0.673546418,0.326453582
RS,Serbia,Nuclear,A,0,0,0.673546418,0.326453582
RS,Serbia,Hydro,A,11429,0.305948174,0.673546418,0.326453582
RS,Serbia,Pumped hydro power,A,728,0.019488168,0.673546418,0.326453582
RS,Serbia,Wind,A,26,0.000696006,0.673546418,0.326453582
RS,Serbia,Solar,A,12,0.000321234,0.673546418,0.326453582
RS,Serbia,Geothermal,A,0,0,0.673546418,0.326453582
RS,Serbia,Other,A,0,0,0.673546418,0.326453582
TR,Turkey,Conventional thermal,A,174166,0.664915609,0.664915609,0.332484529
TR,Turkey,Nuclear,A,0,0,0.664915609,0.332484529
TR,Turkey,Hydro,A,66686,0.254587935,0.664915609,0.332484529
TR,Turkey,Pumped hydro power,A,0,0,0.664915609,0.332484529
TR,Turkey,Wind,A,15381,0.058720227,0.664915609,0.332484529
TR,Turkey,Solar,A,1013,0.003867342,0.664915609,0.332484529
TR,Turkey,Geothermal,A,4010,0.015309025,0.664915609,0.332484529
TR,Turkey,Other,A,681,0.002599862,0.664915609,0.332484529
BA,Bosnia & Herzegovina,Conventional thermal,A,10971,0.660545487,0.660545487,0.339454513
BA,Bosnia & Herzegovina,Nuclear,A,0,0,0.660545487,0.339454513
BA,Bosnia & Herzegovina,Hydro,A,5614,0.338009513,0.660545487,0.339454513
BA,Bosnia & Herzegovina,Pumped hydro power,A,0,0,0.660545487,0.339454513
BA,Bosnia & Herzegovina,Wind,A,0,0,0.660545487,0.339454513
BA,Bosnia & Herzegovina,Solar,A,24,0.001445,0.660545487,0.339454513
BA,Bosnia & Herzegovina,Geothermal,A,0,0,0.660545487,0.339454513
BA,Bosnia & Herzegovina,Other,A,0,0,0.660545487,0.339454513
UA,Ukraine,Conventional thermal,A,65415,0.426095283,0.426095283,0.078796524
UA,Ukraine,Nuclear,A,75931,0.494593609,0.426095283,0.078796524
UA,Ukraine,Hydro,A,9025,0.058786363,0.426095283,0.078796524
UA,Ukraine,Pumped hydro power,A,1633,0.010636912,0.426095283,0.078796524
UA,Ukraine,Wind,A,949,0.006181524,0.426095283,0.078796524
UA,Ukraine,Solar,A,490,0.003191725,0.426095283,0.078796524
UA,Ukraine,Geothermal,A,0,0,0.426095283,0.078796524
UA,Ukraine,Other,A,79,0.000514584,0.426095283,0.078796524
GE,Georgia,Conventional thermal,A,2135,0.187857457,0.187857457,0.812142543
GE,Georgia,Nuclear,A,0,0,0.187857457,0.812142543
GE,Georgia,Hydro,A,9221,0.811350638,0.187857457,0.812142543
GE,Georgia,Pumped hydro power,A,0,0,0.187857457,0.812142543
GE,Georgia,Wind,A,9,0.000791905,0.187857457,0.812142543
GE,Georgia,Solar,A,0,0,0.187857457,0.812142543
GE,Georgia,Geothermal,A,0,0,0.187857457,0.812142543
GE,Georgia,Other,A,0,0,0.187857457,0.812142543
BE,Belgium,Conventional thermal,B,31316,0.372624542,0.372624542,0.144051108
BE,Belgium,Nuclear,B,40128.5,0.477483202,0.372624542,0.144051108
BE,Belgium,Hydro,B,1360.9,0.016193152,0.372624542,0.144051108
BE,Belgium,Pumped hydro power,B,1093.2,0.013007828,0.372624542,0.144051108
BE,Belgium,Wind,B,6387.9,0.076008696,0.372624542,0.144051108
BE,Belgium,Solar,B,3264.3,0.038841432,0.372624542,0.144051108
BE,Belgium,Geothermal,B,0,0,0.372624542,0.144051108
BE,Belgium,Other,B,490.9,0.005841148,0.372624542,0.144051108
BG,Bulgaria,Conventional thermal,B,20234.209,0.482283429,0.482283429,0.16609592
BG,Bulgaria,Nuclear,B,14718.368,0.350813071,0.482283429,0.16609592
BG,Bulgaria,Hydro,B,3458.015,0.082421968,0.482283429,0.16609592
BG,Bulgaria,Pumped hydro power,B,603.713,0.014389531,0.482283429,0.16609592
BG,Bulgaria,Wind,B,1504.063,0.03584942,0.482283429,0.16609592
BG,Bulgaria,Solar,B,1402.766,0.033435001,0.482283429,0.16609592
BG,Bulgaria,Geothermal,B,0,0,0.482283429,0.16609592
BG,Bulgaria,Other,B,33.882,0.000807579,0.482283429,0.16609592
CZ,Czechia,Conventional thermal,B,47246.628,0.582994751,0.582994751,0.085309041
CZ,Czechia,Nuclear,B,26785.6,0.330518068,0.582994751,0.085309041
CZ,Czechia,Hydro,B,3007.403,0.03710953,0.582994751,0.085309041
CZ,Czechia,Pumped hydro power,B,1155.492,0.014258071,0.582994751,0.085309041
CZ,Czechia,Wind,B,581.917,0.007180503,0.582994751,0.085309041
CZ,Czechia,Solar,B,2168.74,0.026760937,0.582994751,0.085309041
CZ,Czechia,Geothermal,B,0,0,0.582994751,0.085309041
CZ,Czechia,Other,B,95.478,0.001178141,0.582994751,0.085309041
DK,Denmark,Conventional thermal,B,14104.326,0.475634898,0.475634898,0.524365102
DK,Denmark,Nuclear,B,0,0,0.475634898,0.524365102
DK,Denmark,Hydro,B,17.871,0.000602657,0.475634898,0.524365102
DK,Denmark,Pumped hydro power,B,0,0,0.475634898,0.524365102
DK,Denmark,Wind,B,14780,0.498420399,0.475634898,0.524365102
DK,Denmark,Solar,B,751.485,0.025342047,0.475634898,0.524365102
DK,Denmark,Geothermal,B,0,0,0.475634898,0.524365102
DK,Denmark,Other,B,0,0,0.475634898,0.524365102
DE,Germany,Conventional thermal,B,376128,0.601834651,0.601834651,0.280114694
DE,Germany,Nuclear,B,72155,0.115453727,0.601834651,0.280114694
DE,Germany,Hydro,B,25888,0.041422855,0.601834651,0.280114694
DE,Germany,Pumped hydro power,B,5910,0.009456469,0.601834651,0.280114694
DE,Germany,Wind,B,103707,0.165939431,0.601834651,0.280114694
DE,Germany,Solar,B,39401,0.063044727,0.601834651,0.280114694
DE,Germany,Geothermal,B,157,0.000251212,0.601834651,0.280114694
DE,Germany,Other,B,1623,0.002596929,0.601834651,0.280114694
EE,Estonia,Conventional thermal,B,10485,0.933327399,0.933327399,0.066672601
EE,Estonia,Nuclear,B,0,0,0.933327399,0.066672601
EE,Estonia,Hydro,B,26,0.002314403,0.933327399,0.066672601
EE,Estonia,Pumped hydro power,B,0,0,0.933327399,0.066672601
EE,Estonia,Wind,B,723,0.064358198,0.933327399,0.066672601
EE,Estonia,Solar,B,0,0,0.933327399,0.066672601
EE,Estonia,Geothermal,B,0,0,0.933327399,0.066672601
EE,Estonia,Other,B,0,0,0.933327399,0.066672601
IE,Ireland,Conventional thermal,B,21745.666,0.717959342,0.717959342,0.282040658
IE,Ireland,Nuclear,B,0,0,0.717959342,0.282040658
IE,Ireland,Hydro,B,885.765,0.029244598,0.717959342,0.282040658
IE,Ireland,Pumped hydro power,B,201.184,0.006642332,0.717959342,0.282040658
IE,Ireland,Wind,B,7444.742,0.24579712,0.717959342,0.282040658
IE,Ireland,Solar,B,10.801,0.000356608,0.717959342,0.282040658
IE,Ireland,Geothermal,B,0,0,0.717959342,0.282040658
IE,Ireland,Other,B,0,0,0.717959342,0.282040658
EL,Greece,Conventional thermal,B,37021.751,0.730695233,0.730695233,0.269304767
EL,Greece,Nuclear,B,0,0,0.730695233,0.269304767
EL,Greece,Hydro,B,4039,0.079717408,0.730695233,0.269304767
EL,Greece,Pumped hydro power,B,77.259,0.001524854,0.730695233,0.269304767
EL,Greece,Wind,B,5536.987,0.109283054,0.730695233,0.269304767
EL,Greece,Solar,B,3991.477,0.078779451,0.730695233,0.269304767
EL,Greece,Geothermal,B,0,0,0.730695233,0.269304767
EL,Greece,Other,B,0,0,0.730695233,0.269304767
ES,Spain,Conventional thermal,B,126885,0.474927667,0.474927667,0.316895425
ES,Spain,Nuclear,B,55540,0.207884956,0.474927667,0.316895425
ES,Spain,Hydro,B,20708,0.077509573,0.474927667,0.316895425
ES,Spain,Pumped hydro power,B,2249,0.008417956,0.474927667,0.316895425
ES,Spain,Wind,B,47929,0.179397156,0.474927667,0.316895425
ES,Spain,Solar,B,13778,0.05157074,0.474927667,0.316895425
ES,Spain,Geothermal,B,0,0,0.474927667,0.316895425
ES,Spain,Other,B,78,0.000291952,0.474927667,0.316895425
FR,France,Conventional thermal,B,68922.949,0.127024012,0.127024012,0.1730696
FR,France,Nuclear,B,379093.955,0.69866475,0.127024012,0.1730696
FR,France,Hydro,B,54432.864,0.100318992,0.127024012,0.1730696
FR,France,Pumped hydro power,B,5070.791,0.009345395,0.127024012,0.1730696
FR,France,Wind,B,24710.749,0.045541558,0.127024012,0.1730696
FR,France,Solar,B,9572.843,0.017642613,0.127024012,0.1730696
FR,France,Geothermal,B,119.937,0.000221042,0.127024012,0.1730696
FR,France,Other,B,673.71,0.001241638,0.127024012,0.1730696
HR,Croatia,Conventional thermal,B,4808,0.410126928,0.410126928,0.589873072
HR,Croatia,Nuclear,B,0,0,0.410126928,0.589873072
HR,Croatia,Hydro,B,5437.8,0.463849461,0.410126928,0.589873072
HR,Croatia,Pumped hydro power,B,200.3,0.017085779,0.410126928,0.589873072
HR,Croatia,Wind,B,1198.4,0.102224649,0.410126928,0.589873072
HR,Croatia,Solar,B,78.7,0.006713184,0.410126928,0.589873072
HR,Croatia,Geothermal,B,0,0,0.410126928,0.589873072
HR,Croatia,Other,B,0,0,0.410126928,0.589873072
IT,Italy,Conventional thermal,B,199722.444,0.695674961,0.695674961,0.302294777
IT,Italy,Nuclear,B,0,0,0.695674961,0.302294777
IT,Italy,Hydro,B,37556.721,0.130817899,0.695674961,0.302294777
IT,Italy,Pumped hydro power,B,1825.96,0.0063602,0.695674961,0.302294777
IT,Italy,Wind,B,17565.332,0.061183718,0.695674961,0.302294777
IT,Italy,Solar,B,24016.821,0.083655601,0.695674961,0.302294777
IT,Italy,Geothermal,B,5821.46,0.02027736,0.695674961,0.302294777
IT,Italy,Other,B,582.871,0.002030261,0.695674961,0.302294777
CY,Cyprus,Conventional thermal,B,4394.819,0.919749157,0.919749157,0.080250843
CY,Cyprus,Nuclear,B,0,0,0.919749157,0.080250843
CY,Cyprus,Hydro,B,0,0,0.919749157,0.080250843
CY,Cyprus,Pumped hydro power,B,0,0,0.919749157,0.080250843
CY,Cyprus,Wind,B,211.448,0.044251907,0.919749157,0.080250843
CY,Cyprus,Solar,B,172.013,0.035998937,0.919749157,0.080250843
CY,Cyprus,Geothermal,B,0,0,0.919749157,0.080250843
CY,Cyprus,Other,B,0,0,0.919749157,0.080250843
LV,Latvia,Conventional thermal,B,2520.383,0.358780582,0.358780582,0.641219418
LV,Latvia,Nuclear,B,0,0,0.358780582,0.641219418
LV,Latvia,Hydro,B,4355.513,0.620014295,0.358780582,0.641219418
LV,Latvia,Pumped hydro power,B,0,0,0.358780582,0.641219418
LV,Latvia,Wind,B,148.523,0.021142488,0.358780582,0.641219418
LV,Latvia,Solar,B,0.44,6.26E-05,0.358780582,0.641219418
LV,Latvia,Geothermal,B,0,0,0.358780582,0.641219418
LV,Latvia,Other,B,0,0,0.358780582,0.641219418
LT,Lithuania,Conventional thermal,B,1165.3,0.255346656,0.255346656,0.691405908
LT,Lithuania,Nuclear,B,0,0,0.255346656,0.691405908
LT,Lithuania,Hydro,B,1164.6,0.255193268,0.255346656,0.691405908
LT,Lithuania,Pumped hydro power,B,567.5,0.124353581,0.255346656,0.691405908
LT,Lithuania,Wind,B,1356.2,0.297177667,0.255346656,0.691405908
LT,Lithuania,Solar,B,67,0.014681392,0.255346656,0.691405908
LT,Lithuania,Geothermal,B,0,0,0.255346656,0.691405908
LT,Lithuania,Other,B,243,0.053247436,0.255346656,0.691405908
LU,Luxembourg,Conventional thermal,B,450.167,0.127376819,0.127376819,0.872623181
LU,Luxembourg,Nuclear,B,0,0,0.127376819,0.872623181
LU,Luxembourg,Hydro,B,1411.286,0.39932985,0.127376819,0.872623181
LU,Luxembourg,Pumped hydro power,B,1329.398,0.376159265,0.127376819,0.872623181
LU,Luxembourg,Wind,B,234.823,0.066444245,0.127376819,0.872623181
LU,Luxembourg,Solar,B,108.462,0.030689821,0.127376819,0.872623181
LU,Luxembourg,Geothermal,B,0,0,0.127376819,0.872623181
LU,Luxembourg,Other,B,0,0,0.127376819,0.872623181
HU,Hungary,Conventional thermal,B,14096,0.459512322,0.459512322,0.042313209
HU,Hungary,Nuclear,B,15206,0.495696962,0.459512322,0.042313209
HU,Hungary,Hydro,B,214,0.006976138,0.459512322,0.042313209
HU,Hungary,Pumped hydro power,B,0,0,0.459512322,0.042313209
HU,Hungary,Wind,B,737,0.024025297,0.459512322,0.042313209
HU,Hungary,Solar,B,346,0.011279176,0.459512322,0.042313209
HU,Hungary,Geothermal,B,1,3.26E-05,0.459512322,0.042313209
HU,Hungary,Other,B,76,0.002477507,0.459512322,0.042313209
MT,Malta,Conventional thermal,B,1439.156,0.902598311,0.902598311,0.097401689
MT,Malta,Nuclear,B,0,0,0.902598311,0.097401689
MT,Malta,Hydro,B,0,0,0.902598311,0.097401689
MT,Malta,Pumped hydro power,B,0,0,0.902598311,0.097401689
MT,Malta,Wind,B,0.058,3.64E-05,0.902598311,0.097401689
MT,Malta,Solar,B,155.245,0.097365313,0.902598311,0.097401689
MT,Malta,Geothermal,B,0,0,0.902598311,0.097401689
MT,Malta,Other,B,0,0,0.902598311,0.097401689
NL,Netherlands,Conventional thermal,B,97231.607,0.856930136,0.856930136,0.113108837
NL,Netherlands,Nuclear,B,3277.664,0.028886996,0.856930136,0.113108837
NL,Netherlands,Hydro,B,60.757,0.000535469,0.856930136,0.113108837
NL,Netherlands,Pumped hydro power,B,0,0,0.856930136,0.113108837
NL,Netherlands,Wind,B,10568.797,0.09314585,0.856930136,0.113108837
NL,Netherlands,Solar,B,2204.344,0.019427518,0.856930136,0.113108837
NL,Netherlands,Geothermal,B,0,0,0.856930136,0.113108837
NL,Netherlands,Other,B,121.865,0.001074031,0.856930136,0.113108837
AT,Austria,Conventional thermal,B,20135.846,0.28211733,0.28211733,0.717716391
AT,Austria,Nuclear,B,0,0,0.28211733,0.717716391
AT,Austria,Hydro,B,40098.554,0.561808876,0.28211733,0.717716391
AT,Austria,Pumped hydro power,B,3683.851,0.051613337,0.28211733,0.717716391
AT,Austria,Wind,B,6239.497,0.087419731,0.28211733,0.717716391
AT,Austria,Solar,B,1204.311,0.016873242,0.28211733,0.717716391
AT,Austria,Geothermal,B,0.086,1.20E-06,0.28211733,0.717716391
AT,Austria,Other,B,11.868,0.000166279,0.28211733,0.717716391
PL,Poland,Conventional thermal,B,137068.099,0.882502399,0.882502399,0.117100157
PL,Poland,Nuclear,B,0,0,0.882502399,0.117100157
PL,Poland,Hydro,B,2999.86,0.019314368,0.882502399,0.117100157
PL,Poland,Pumped hydro power,B,448.193,0.002885656,0.882502399,0.117100157
PL,Poland,Wind,B,14574.192,0.093834813,0.882502399,0.117100157
PL,Poland,Solar,B,165.463,0.001065321,0.882502399,0.117100157
PL,Poland,Geothermal,B,0,0,0.882502399,0.117100157
PL,Poland,Other,B,61.73,0.000397444,0.882502399,0.117100157
PT,Portugal,Conventional thermal,B,36882.017,0.621234427,0.621234427,0.378765573
PT,Portugal,Nuclear,B,0,0,0.621234427,0.378765573
PT,Portugal,Hydro,B,7489.938,0.126159243,0.621234427,0.378765573
PT,Portugal,Pumped hydro power,B,1699.948,0.028633635,0.621234427,0.378765573
PT,Portugal,Wind,B,12112.464,0.204020285,0.621234427,0.378765573
PT,Portugal,Solar,B,991.546,0.016701432,0.621234427,0.378765573
PT,Portugal,Geothermal,B,193.007,0.003250977,0.621234427,0.378765573
PT,Portugal,Other,B,0,0,0.621234427,0.378765573
RO,Romania,Conventional thermal,B,24923.065,0.417379365,0.417379365,0.405810435
RO,Romania,Nuclear,B,10557.906,0.1768102,0.417379365,0.405810435
RO,Romania,Hydro,B,14687.531,0.245967836,0.417379365,0.405810435
RO,Romania,Pumped hydro power,B,357.788,0.005991772,0.417379365,0.405810435
RO,Romania,Wind,B,7331.254,0.122774391,0.417379365,0.405810435
RO,Romania,Solar,B,1855.674,0.031076436,0.417379365,0.405810435
RO,Romania,Geothermal,B,0,0,0.417379365,0.405810435
RO,Romania,Other,B,0,0,0.417379365,0.405810435
SI,Slovenia,Conventional thermal,B,5054.64,0.322601439,0.322601439,0.296514941
SI,Slovenia,Nuclear,B,5967.827,0.380883619,0.322601439,0.296514941
SI,Slovenia,Hydro,B,4085.015,0.260717226,0.322601439,0.296514941
SI,Slovenia,Pumped hydro power,B,271.498,0.017327771,0.322601439,0.296514941
SI,Slovenia,Wind,B,5.716,0.000364811,0.322601439,0.296514941
SI,Slovenia,Solar,B,283.678,0.018105133,0.322601439,0.296514941
SI,Slovenia,Geothermal,B,0,0,0.322601439,0.296514941
SI,Slovenia,Other,B,0,0,0.322601439,0.296514941
SK,Slovakia,Conventional thermal,B,6417,0.246893155,0.246893155,0.208956947
SK,Slovakia,Nuclear,B,14016,0.539263591,0.246893155,0.208956947
SK,Slovakia,Hydro,B,4620,0.177753838,0.246893155,0.208956947
SK,Slovakia,Pumped hydro power,B,299,0.011503982,0.246893155,0.208956947
SK,Slovakia,Wind,B,6,0.000230849,0.246893155,0.208956947
SK,Slovakia,Solar,B,506,0.019468277,0.246893155,0.208956947
SK,Slovakia,Geothermal,B,0,0,0.246893155,0.208956947
SK,Slovakia,Other,B,127,0.004886307,0.246893155,0.208956947
FI,Finland,Conventional thermal,B,23681,0.364110212,0.364110212,0.299025185
FI,Finland,Nuclear,B,21574,0.331713767,0.364110212,0.299025185
FI,Finland,Hydro,B,14610,0.224637904,0.364110212,0.299025185
FI,Finland,Pumped hydro power,B,0,0,0.364110212,0.299025185
FI,Finland,Wind,B,4795,0.073726129,0.364110212,0.299025185
FI,Finland,Solar,B,43,0.000661152,0.364110212,0.299025185
FI,Finland,Geothermal,B,0,0,0.364110212,0.299025185
FI,Finland,Other,B,335,0.005150835,0.364110212,0.299025185
SE,Sweden,Conventional thermal,B,15003,0.093446942,0.093446942,0.514104552
SE,Sweden,Nuclear,B,63008,0.392448505,0.093446942,0.514104552
SE,Sweden,Hydro,B,64676,0.402837728,0.093446942,0.514104552
SE,Sweden,Pumped hydro power,B,25,0.000155714,0.093446942,0.514104552
SE,Sweden,Wind,B,17609,0.109678545,0.093446942,0.514104552
SE,Sweden,Solar,B,230,0.001432567,0.093446942,0.514104552
SE,Sweden,Geothermal,B,0,0,0.093446942,0.514104552
SE,Sweden,Other,B,0,0,0.093446942,0.514104552
NO,Norway,Conventional thermal,B,3233,0.021582254,0.021582254,0.976541899
NO,Norway,Nuclear,B,0,0,0.021582254,0.976541899
NO,Norway,Hydro,B,142276,0.949779371,0.021582254,0.976541899
NO,Norway,Pumped hydro power,B,1157,0.007723683,0.021582254,0.976541899
NO,Norway,Wind,B,2852,0.019038845,0.021582254,0.976541899
NO,Norway,Solar,B,0,0,0.021582254,0.976541899
NO,Norway,Geothermal,B,0,0,0.021582254,0.976541899
NO,Norway,Other,B,281,0.001875847,0.021582254,0.976541899
ME,Montenegro,Conventional thermal,B,1265,0.535155258,0.535155258,0.464844742
ME,Montenegro,Nuclear,B,0,0,0.535155258,0.464844742
ME,Montenegro,Hydro,B,1003.8,0.424655216,0.535155258,0.464844742
ME,Montenegro,Pumped hydro power,B,0,0,0.535155258,0.464844742
ME,Montenegro,Wind,B,95,0.040189525,0.535155258,0.464844742
ME,Montenegro,Solar,B,0,0,0.535155258,0.464844742
ME,Montenegro,Geothermal,B,0,0,0.535155258,0.464844742
ME,Montenegro,Other,B,0,0,0.535155258,0.464844742
MK,North Macedonia,Conventional thermal,B,4005.609,0.766350193,0.766350193,0.233649807
MK,North Macedonia,Nuclear,B,0,0,0.766350193,0.233649807
MK,North Macedonia,Hydro,B,1087.024,0.207968639,0.766350193,0.233649807
MK,North Macedonia,Pumped hydro power,B,0,0,0.766350193,0.233649807
MK,North Macedonia,Wind,B,110.48,0.021136953,0.766350193,0.233649807
MK,North Macedonia,Solar,B,23.752,0.004544215,0.766350193,0.233649807
MK,North Macedonia,Geothermal,B,0,0,0.766350193,0.233649807
MK,North Macedonia,Other,B,0,0,0.766350193,0.233649807
AL,Albania,Conventional thermal,B,0,0,0,1
AL,Albania,Nuclear,B,0,0,0,1
AL,Albania,Hydro,B,4496.607,0.999733203,0,1
AL,Albania,Pumped hydro power,B,0,0,0,1
AL,Albania,Wind,B,0,0,0,1
AL,Albania,Solar,B,1.2,0.000266797,0,1
AL,Albania,Geothermal,B,0,0,0,1
AL,Albania,Other,B,0,0,0,1
RS,Serbia,Conventional thermal,B,24566.923,0.70397808,0.70397808,0.29602192
RS,Serbia,Nuclear,B,0,0,0.70397808,0.29602192
RS,Serbia,Hydro,B,9670.033,0.277099874,0.70397808,0.29602192
RS,Serbia,Pumped hydro power,B,598.732,0.01715698,0.70397808,0.29602192
RS,Serbia,Wind,B,48.457,0.001388561,0.70397808,0.29602192
RS,Serbia,Solar,B,13.139,0.000376505,0.70397808,0.29602192
RS,Serbia,Geothermal,B,0,0,0.70397808,0.29602192
RS,Serbia,Other,B,0,0,0.70397808,0.29602192
TR,Turkey,Conventional thermal,B,199910.043,0.703270906,0.703270906,0.293875576
TR,Turkey,Nuclear,B,0,0,0.703270906,0.293875576
TR,Turkey,Hydro,B,57823.851,0.203420656,0.703270906,0.293875576
TR,Turkey,Pumped hydro power,B,0,0,0.703270906,0.293875576
TR,Turkey,Wind,B,17793.167,0.062595238,0.703270906,0.293875576
TR,Turkey,Solar,B,2817.837,0.009912973,0.703270906,0.293875576
TR,Turkey,Geothermal,B,5101.487,0.017946709,0.703270906,0.293875576
TR,Turkey,Other,B,811.134,0.002853518,0.703270906,0.293875576
BA,Bosnia & Herzegovina,Conventional thermal,B,11250,0.728815755,0.728815755,0.271184245
BA,Bosnia & Herzegovina,Nuclear,B,0,0,0.728815755,0.271184245
BA,Bosnia & Herzegovina,Hydro,B,3968,0.257061415,0.728815755,0.271184245
BA,Bosnia & Herzegovina,Pumped hydro power,B,197,0.012762374,0.728815755,0.271184245
BA,Bosnia & Herzegovina,Wind,B,0,0,0.728815755,0.271184245
BA,Bosnia & Herzegovina,Solar,B,21,0.001360456,0.728815755,0.271184245
BA,Bosnia & Herzegovina,Geothermal,B,0,0,0.728815755,0.271184245
BA,Bosnia & Herzegovina,Other,B,0,0,0.728815755,0.271184245
UA,Ukraine,Conventional thermal,B,54041.9,0.368975344,0.368975344,0.082494907
UA,Ukraine,Nuclear,B,80295.3,0.548222508,0.368975344,0.082494907
UA,Ukraine,Hydro,B,8812,0.060164627,0.368975344,0.082494907
UA,Ukraine,Pumped hydro power,B,1559,0.010644196,0.368975344,0.082494907
UA,Ukraine,Wind,B,974,0.006650062,0.368975344,0.082494907
UA,Ukraine,Solar,B,737.6,0.005036022,0.368975344,0.082494907
UA,Ukraine,Geothermal,B,0,0,0.368975344,0.082494907
UA,Ukraine,Other,B,45,0.000307241,0.368975344,0.082494907
GE,Georgia,Conventional thermal,B,2131.3,0.188347267,0.188347267,0.811652733
GE,Georgia,Nuclear,B,0,0,0.188347267,0.811652733
GE,Georgia,Hydro,B,9096.8,0.803902508,0.188347267,0.811652733
GE,Georgia,Pumped hydro power,B,0,0,0.188347267,0.811652733
GE,Georgia,Wind,B,87.7,0.007750225,0.188347267,0.811652733
GE,Georgia,Solar,B,0,0,0.188347267,0.811652733
GE,Georgia,Geothermal,B,0,0,0.188347267,0.811652733
GE,Georgia,Other,B,0,0,0.188347267,0.811652733
BE,Belgium,Conventional thermal,C,30092.635,0.428697281,0.428697281,0.183612291
BE,Belgium,Nuclear,C,26995.628,0.384577566,0.428697281,0.183612291
BE,Belgium,Hydro,C,1239.248,0.017654228,0.428697281,0.183612291
BE,Belgium,Pumped hydro power,C,983.19,0.014006446,0.428697281,0.183612291
BE,Belgium,Wind,C,7177.346,0.102247899,0.428697281,0.183612291
BE,Belgium,Solar,C,3488.979,0.049703717,0.428697281,0.183612291
BE,Belgium,Geothermal,C,0,0,0.428697281,0.183612291
BE,Belgium,Other,C,218.509,0.003112862,0.428697281,0.183612291
BG,Bulgaria,Conventional thermal,C,19334,0.452871732,0.452871732,0.188466223
BG,Bulgaria,Nuclear,C,15290,0.358146725,0.452871732,0.188466223
BG,Bulgaria,Hydro,C,4690,0.109856648,0.452871732,0.188466223
BG,Bulgaria,Pumped hydro power,C,987,0.023119086,0.452871732,0.188466223
BG,Bulgaria,Wind,C,1326,0.031059683,0.452871732,0.188466223
BG,Bulgaria,Solar,C,1043,0.024430807,0.452871732,0.188466223
BG,Bulgaria,Geothermal,C,0,0,0.452871732,0.188466223
BG,Bulgaria,Other,C,22,0.000515319,0.452871732,0.188466223
CZ,Czechia,Conventional thermal,C,48042.915,0.578795804,0.578795804,0.079583028
CZ,Czechia,Nuclear,C,28255.421,0.34040647,0.578795804,0.079583028
CZ,Czechia,Hydro,C,2650.153,0.031927651,0.578795804,0.079583028
CZ,Czechia,Pumped hydro power,C,1037.317,0.01249705,0.578795804,0.079583028
CZ,Czechia,Wind,C,600.67,0.007236557,0.578795804,0.079583028
CZ,Czechia,Solar,C,2317.645,0.02792177,0.578795804,0.079583028
CZ,Czechia,Geothermal,C,0,0,0.578795804,0.079583028
CZ,Czechia,Other,C,100.826,0.001214699,0.578795804,0.079583028
DK,Denmark,Conventional thermal,C,14072.337,0.486274361,0.486274361,0.513724119
DK,Denmark,Nuclear,C,0,0,0.486274361,0.513724119
DK,Denmark,Hydro,C,14.929,0.000515877,0.486274361,0.513724119
DK,Denmark,Pumped hydro power,C,0,0,0.486274361,0.513724119
DK,Denmark,Wind,C,13898.806,0.480277938,0.486274361,0.513724119
DK,Denmark,Solar,C,952.973,0.032930304,0.486274361,0.513724119
DK,Denmark,Geothermal,C,0,0,0.486274361,0.513724119
DK,Denmark,Other,C,0.044,1.52E-06,0.486274361,0.513724119
DE,Germany,Conventional thermal,C,320437.701,0.553948864,0.553948864,0.320205297
DE,Germany,Nuclear,C,72274.133,0.124942146,0.553948864,0.320205297
DE,Germany,Hydro,C,20041.878,0.034646908,0.553948864,0.320205297
DE,Germany,Pumped hydro power,C,6661.083,0.011515185,0.553948864,0.320205297
DE,Germany,Wind,C,112174,0.193918068,0.553948864,0.320205297
DE,Germany,Solar,C,46184,0.079839464,0.553948864,0.320205297
DE,Germany,Geothermal,C,165.25,0.000285672,0.553948864,0.320205297
DE,Germany,Other,C,522.751,0.000903693,0.553948864,0.320205297
EE,Estonia,Conventional thermal,C,10170.043,0.938703043,0.938703043,0.061296957
EE,Estonia,Nuclear,C,0,0,0.938703043,0.061296957
EE,Estonia,Hydro,C,18.2,0.001679874,0.938703043,0.061296957
EE,Estonia,Pumped hydro power,C,0,0,0.938703043,0.061296957
EE,Estonia,Wind,C,645.9,0.059617083,0.938703043,0.061296957
EE,Estonia,Solar,C,0,0,0.938703043,0.061296957
EE,Estonia,Geothermal,C,0,0,0.938703043,0.061296957
EE,Estonia,Other,C,0,0,0.938703043,0.061296957
IE,Ireland,Conventional thermal,C,19963.734,0.677429768,0.677429768,0.322570232
IE,Ireland,Nuclear,C,0,0,0.677429768,0.322570232
IE,Ireland,Hydro,C,921.979,0.031285531,0.677429768,0.322570232
IE,Ireland,Pumped hydro power,C,234.936,0.007972088,0.677429768,0.322570232
IE,Ireland,Wind,C,8349.172,0.283312613,0.677429768,0.322570232
IE,Ireland,Solar,C,0,0,0.677429768,0.322570232
IE,Ireland,Geothermal,C,0,0,0.677429768,0.322570232
IE,Ireland,Other,C,0,0,0.677429768,0.322570232
EL,Greece,Conventional thermal,C,34803.244,0.677830573,0.677830573,0.321955385
EL,Greece,Nuclear,C,0,0,0.677830573,0.321955385
EL,Greece,Hydro,C,5802.417,0.113008306,0.677830573,0.321955385
EL,Greece,Pumped hydro power,C,636.1,0.012388731,0.677830573,0.321955385
EL,Greece,Wind,C,6300.26,0.122704333,0.677830573,0.321955385
EL,Greece,Solar,C,3792.038,0.073854015,0.677830573,0.321955385
EL,Greece,Geothermal,C,0,0,0.677830573,0.321955385
EL,Greece,Other,C,10.99,0.000214042,0.677830573,0.321955385
ES,Spain,Conventional thermal,C,110084.238,0.418443003,0.418443003,0.379068485
ES,Spain,Nuclear,C,53270.8,0.202488512,0.418443003,0.379068485
ES,Spain,Hydro,C,36083.636,0.137158101,0.418443003,0.379068485
ES,Spain,Pumped hydro power,C,2009.408,0.007637994,0.418443003,0.379068485
ES,Spain,Wind,C,49495.207,0.188137043,0.418443003,0.379068485
ES,Spain,Solar,C,12137.315,0.046135347,0.418443003,0.379068485
ES,Spain,Geothermal,C,0,0,0.418443003,0.379068485
ES,Spain,Other,C,0,0,0.418443003,0.379068485
FR,France,Conventional thermal,C,53956.44,0.096218851,0.096218851,0.202683112
FR,France,Nuclear,C,393153.254,0.701098038,0.096218851,0.202683112
FR,France,Hydro,C,68706.552,0.122522269,0.096218851,0.202683112
FR,France,Pumped hydro power,C,9082.043,0.016195726,0.096218851,0.202683112
FR,France,Wind,C,26134.02,0.04660399,0.096218851,0.202683112
FR,France,Solar,C,9651.478,0.017211182,0.096218851,0.202683112
FR,France,Geothermal,C,84.084,0.000149944,0.096218851,0.202683112
FR,France,Other,C,0,0,0.096218851,0.202683112
HR,Croatia,Conventional thermal,C,4155.654,0.300252563,0.300252563,0.699747437
HR,Croatia,Nuclear,C,0,0,0.300252563,0.699747437
HR,Croatia,Hydro,C,7681.337,0.554988726,0.300252563,0.699747437
HR,Croatia,Pumped hydro power,C,583.988,0.042194055,0.300252563,0.699747437
HR,Croatia,Wind,C,1350.356,0.097565353,0.300252563,0.699747437
HR,Croatia,Solar,C,69.193,0.004999303,0.300252563,0.699747437
HR,Croatia,Geothermal,C,0,0,0.300252563,0.699747437
HR,Croatia,Other,C,0,0,0.300252563,0.699747437
IT,Italy,Conventional thermal,C,185046,0.656503445,0.656503445,0.343496555
IT,Italy,Nuclear,C,0,0,0.656503445,0.343496555
IT,Italy,Hydro,C,49275,0.174817112,0.656503445,0.343496555
IT,Italy,Pumped hydro power,C,1632,0.005789985,0.656503445,0.343496555
IT,Italy,Wind,C,17318,0.061440543,0.656503445,0.343496555
IT,Italy,Solar,C,22887,0.081198158,0.656503445,0.343496555
IT,Italy,Geothermal,C,5708,0.020250757,0.656503445,0.343496555
IT,Italy,Other,C,0,0,0.656503445,0.343496555
CY,Cyprus,Conventional thermal,C,4380.143,0.914227779,0.914227779,0.085772221
CY,Cyprus,Nuclear,C,0,0,0.914227779,0.085772221
CY,Cyprus,Hydro,C,0,0,0.914227779,0.085772221
CY,Cyprus,Pumped hydro power,C,0,0,0.914227779,0.085772221
CY,Cyprus,Wind,C,220.613,0.046046564,0.914227779,0.085772221
CY,Cyprus,Solar,C,190.329,0.039725657,0.914227779,0.085772221
CY,Cyprus,Geothermal,C,0,0,0.914227779,0.085772221
CY,Cyprus,Other,C,0,0,0.914227779,0.085772221
LV,Latvia,Conventional thermal,C,3962,0.609538462,0.609538462,0.390461538
LV,Latvia,Nuclear,C,0,0,0.609538462,0.390461538
LV,Latvia,Hydro,C,2418,0.372,0.609538462,0.390461538
LV,Latvia,Pumped hydro power,C,0,0,0.609538462,0.390461538
LV,Latvia,Wind,C,120,0.018461538,0.609538462,0.390461538
LV,Latvia,Solar,C,0,0,0.609538462,0.390461538
LV,Latvia,Geothermal,C,0,0,0.609538462,0.390461538
LV,Latvia,Other,C,0,0,0.609538462,0.390461538
LT,Lithuania,Conventional thermal,C,802.835,0.217171489,0.217171489,0.72244838
LT,Lithuania,Nuclear,C,0,0,0.217171489,0.72244838
LT,Lithuania,Hydro,C,940.677,0.254458544,0.217171489,0.72244838
LT,Lithuania,Pumped hydro power,C,513.684,0.138954479,0.217171489,0.72244838
LT,Lithuania,Wind,C,1136.357,0.30739111,0.217171489,0.72244838
LT,Lithuania,Solar,C,80.014,0.021644248,0.217171489,0.72244838
LT,Lithuania,Geothermal,C,0,0,0.217171489,0.72244838
LT,Lithuania,Other,C,223.212,0.060380131,0.217171489,0.72244838
LU,Luxembourg,Conventional thermal,C,463.132,0.13611857,0.13611857,0.86388143
LU,Luxembourg,Nuclear,C,0,0,0.13611857,0.86388143
LU,Luxembourg,Hydro,C,1326.329,0.389819763,0.13611857,0.86388143
LU,Luxembourg,Pumped hydro power,C,1237.554,0.36372801,0.13611857,0.86388143
LU,Luxembourg,Wind,C,263.708,0.077506102,0.13611857,0.86388143
LU,Luxembourg,Solar,C,111.693,0.032827555,0.13611857,0.86388143
LU,Luxembourg,Geothermal,C,0,0,0.13611857,0.86388143
LU,Luxembourg,Other,C,0,0,0.13611857,0.86388143
HU,Hungary,Conventional thermal,C,13489.644,0.453435256,0.453435256,0.047246343
HU,Hungary,Nuclear,C,14854.662,0.499318401,0.453435256,0.047246343
HU,Hungary,Hydro,C,215.862,0.007255895,0.453435256,0.047246343
HU,Hungary,Pumped hydro power,C,0,0,0.453435256,0.047246343
HU,Hungary,Wind,C,589.406,0.019812047,0.453435256,0.047246343
HU,Hungary,Solar,C,594.258,0.01997514,0.453435256,0.047246343
HU,Hungary,Geothermal,C,6.047,0.000203261,0.453435256,0.047246343
HU,Hungary,Other,C,0,0,0.453435256,0.047246343
MT,Malta,Conventional thermal,C,1716.49,1,1,0
MT,Malta,Nuclear,C,0,0,1,0
MT,Malta,Hydro,C,0,0,1,0
MT,Malta,Pumped hydro power,C,0,0,1,0
MT,Malta,Wind,C,0,0,1,0
MT,Malta,Solar,C,0,0,1,0
MT,Malta,Geothermal,C,0,0,1,0
MT,Malta,Other,C,0,0,1,0
NL,Netherlands,Conventional thermal,C,94450,0.839172363,0.839172363,0.131388893
NL,Netherlands,Nuclear,C,3313.371,0.029438744,0.839172363,0.131388893
NL,Netherlands,Hydro,C,86,0.000764096,0.839172363,0.131388893
NL,Netherlands,Pumped hydro power,C,0,0,0.839172363,0.131388893
NL,Netherlands,Wind,C,12279,0.10909685,0.839172363,0.131388893
NL,Netherlands,Solar,C,2423,0.021527947,0.839172363,0.131388893
NL,Netherlands,Geothermal,C,0,0,0.839172363,0.131388893
NL,Netherlands,Other,C,0,0,0.839172363,0.131388893
AT,Austria,Conventional thermal,C,16350.754,0.20700989,0.20700989,0.714966983
AT,Austria,Nuclear,C,0,0,0.20700989,0.714966983
AT,Austria,Hydro,C,37217.295,0.471192224,0.20700989,0.714966983
AT,Austria,Pumped hydro power,C,13397.582,0.169621045,0.20700989,0.714966983
AT,Austria,Wind,C,5857.059,0.074153714,0.20700989,0.714966983
AT,Austria,Solar,C,0,0,0.20700989,0.714966983
AT,Austria,Geothermal,C,0,0,0.20700989,0.714966983
AT,Austria,Other,C,6162.686,0.078023127,0.20700989,0.714966983
PL,Poland,Conventional thermal,C,138957.387,0.8994072,0.8994072,0.1005928
PL,Poland,Nuclear,C,0,0,0.8994072,0.1005928
PL,Poland,Hydro,C,2353.336,0.015232061,0.8994072,0.1005928
PL,Poland,Pumped hydro power,C,402.36,0.002604291,0.8994072,0.1005928
PL,Poland,Wind,C,12487.345,0.080824836,0.8994072,0.1005928
PL,Poland,Solar,C,298.432,0.001931613,0.8994072,0.1005928
PL,Poland,Geothermal,C,0,0,0.8994072,0.1005928
PL,Poland,Other,C,0,0,0.8994072,0.1005928
PT,Portugal,Conventional thermal,C,30887,0.504648313,0.504648313,0.495351687
PT,Portugal,Nuclear,C,0,0,0.504648313,0.495351687
PT,Portugal,Hydro,C,13489,0.220390491,0.504648313,0.495351687
PT,Portugal,Pumped hydro power,C,3120,0.050976227,0.504648313,0.495351687
PT,Portugal,Wind,C,12530,0.204721836,0.504648313,0.495351687
PT,Portugal,Solar,C,974,0.015913733,0.504648313,0.495351687
PT,Portugal,Geothermal,C,205,0.0033494,0.504648313,0.495351687
PT,Portugal,Other,C,0,0,0.504648313,0.495351687
RO,Romania,Conventional thermal,C,22611,0.385051599,0.385051599,0.437110453
RO,Romania,Nuclear,C,10443,0.177837948,0.385051599,0.437110453
RO,Romania,Hydro,C,17653,0.30061987,0.385051599,0.437110453
RO,Romania,Pumped hydro power,C,0,0,0.385051599,0.437110453
RO,Romania,Wind,C,6261,0.106621028,0.385051599,0.437110453
RO,Romania,Solar,C,1754,0.029869555,0.385051599,0.437110453
RO,Romania,Geothermal,C,0,0,0.385051599,0.437110453
RO,Romania,Other,C,0,0,0.385051599,0.437110453
SI,Slovenia,Conventional thermal,C,4703.068,0.303969455,0.303969455,0.341206048
SI,Slovenia,Nuclear,C,5489.906,0.354824497,0.303969455,0.341206048
SI,Slovenia,Hydro,C,4831.147,0.312247478,0.303969455,0.341206048
SI,Slovenia,Pumped hydro power,C,187.919,0.012145611,0.303969455,0.341206048
SI,Slovenia,Wind,C,6.02,0.000389086,0.303969455,0.341206048
SI,Slovenia,Solar,C,254.113,0.016423873,0.303969455,0.341206048
SI,Slovenia,Geothermal,C,0,0,0.303969455,0.341206048
SI,Slovenia,Other,C,0,0,0.303969455,0.341206048
SK,Slovakia,Conventional thermal,C,5426,0.225989171,0.225989171,0.196668055
SK,Slovakia,Nuclear,C,13807,0.575052062,0.225989171,0.196668055
SK,Slovakia,Hydro,C,3838,0.159850062,0.225989171,0.196668055
SK,Slovakia,Pumped hydro power,C,293,0.012203249,0.225989171,0.196668055
SK,Slovakia,Wind,C,5,0.000208247,0.225989171,0.196668055
SK,Slovakia,Solar,C,586,0.024406497,0.225989171,0.196668055
SK,Slovakia,Geothermal,C,0,0,0.225989171,0.196668055
SK,Slovakia,Other,C,55,0.002290712,0.225989171,0.196668055
FI,Finland,Conventional thermal,C,26425,0.391924652,0.391924652,0.283411936
FI,Finland,Nuclear,C,21890,0.324663411,0.391924652,0.283411936
FI,Finland,Hydro,C,13158.674,0.195164001,0.391924652,0.283411936
FI,Finland,Pumped hydro power,C,0,0,0.391924652,0.283411936
FI,Finland,Wind,C,5861,0.086927924,0.391924652,0.283411936
FI,Finland,Solar,C,89,0.001320011,0.391924652,0.283411936
FI,Finland,Geothermal,C,0,0,0.391924652,0.283411936
FI,Finland,Other,C,0,0,0.391924652,0.283411936
SE,Sweden,Conventional thermal,C,14869.986,0.09394314,0.09394314,0.4903492
SE,Sweden,Nuclear,C,65801.155,0.41570766,0.09394314,0.4903492
SE,Sweden,Hydro,C,60977.602,0.385234214,0.09394314,0.4903492
SE,Sweden,Pumped hydro power,C,0,0,0.09394314,0.4903492
SE,Sweden,Wind,C,16638.345,0.105114986,0.09394314,0.4903492
SE,Sweden,Solar,C,0,0,0.09394314,0.4903492
SE,Sweden,Geothermal,C,0,0,0.09394314,0.4903492
SE,Sweden,Other,C,0,0,0.09394314,0.4903492
NO,Norway,Conventional thermal,C,3457.28,0.022997004,0.022997004,0.977002996
NO,Norway,Nuclear,C,0,0,0.022997004,0.977002996
NO,Norway,Hydro,C,139512.026,0.928000802,0.022997004,0.977002996
NO,Norway,Pumped hydro power,C,3490.918,0.023220756,0.022997004,0.977002996
NO,Norway,Wind,C,3875.881,0.025781438,0.022997004,0.977002996
NO,Norway,Solar,C,0,0,0.022997004,0.977002996
NO,Norway,Geothermal,C,0,0,0.022997004,0.977002996
NO,Norway,Other,C,0,0,0.022997004,0.977002996
ME,Montenegro,Conventional thermal,C,1444,0.385786802,0.385786802,0.614213198
ME,Montenegro,Nuclear,C,0,0,0.385786802,0.614213198
ME,Montenegro,Hydro,C,2137,0.570932407,0.385786802,0.614213198
ME,Montenegro,Pumped hydro power,C,0,0,0.385786802,0.614213198
ME,Montenegro,Wind,C,162,0.043280791,0.385786802,0.614213198
ME,Montenegro,Solar,C,0,0,0.385786802,0.614213198
ME,Montenegro,Geothermal,C,0,0,0.385786802,0.614213198
ME,Montenegro,Other,C,0,0,0.385786802,0.614213198
MK,North Macedonia,Conventional thermal,C,3309.114,0.635911199,0.635911199,0.364088801
MK,North Macedonia,Nuclear,C,0,0,0.635911199,0.364088801
MK,North Macedonia,Hydro,C,1774.496,0.341004232,0.635911199,0.364088801
MK,North Macedonia,Pumped hydro power,C,0,0,0.635911199,0.364088801
MK,North Macedonia,Wind,C,97.338,0.018705407,0.635911199,0.364088801
MK,North Macedonia,Solar,C,22.788,0.004379161,0.635911199,0.364088801
MK,North Macedonia,Geothermal,C,0,0,0.635911199,0.364088801
MK,North Macedonia,Other,C,0,0,0.635911199,0.364088801
AL,Albania,Conventional thermal,C,0,0,0,1
AL,Albania,Nuclear,C,0,0,0,1
AL,Albania,Hydro,C,8596.537,1,0,1
AL,Albania,Pumped hydro power,C,0,0,0,1
AL,Albania,Wind,C,0,0,0,1
AL,Albania,Solar,C,0,0,0,1
AL,Albania,Geothermal,C,0,0,0,1
AL,Albania,Other,C,0,0,0,1
RS,Serbia,Conventional thermal,C,23625.089,0.649236498,0.649236498,0.350763502
RS,Serbia,Nuclear,C,0,0,0.649236498,0.350763502
RS,Serbia,Hydro,C,11453.07,0.3147396,0.649236498,0.350763502
RS,Serbia,Pumped hydro power,C,1147.848,0.031543789,0.649236498,0.350763502
RS,Serbia,Wind,C,150.419,0.004133635,0.649236498,0.350763502
RS,Serbia,Solar,C,12.608,0.000346478,0.649236498,0.350763502
RS,Serbia,Geothermal,C,0,0,0.649236498,0.350763502
RS,Serbia,Other,C,0,0,0.649236498,0.350763502
TR,Turkey,Conventional thermal,C,195153.546,0.674612164,0.674612164,0.32295725
TR,Turkey,Nuclear,C,0,0,0.674612164,0.32295725
TR,Turkey,Hydro,C,59865.351,0.206944198,0.674612164,0.32295725
TR,Turkey,Pumped hydro power,C,0,0,0.674612164,0.32295725
TR,Turkey,Wind,C,19825.697,0.068534017,0.674612164,0.32295725
TR,Turkey,Solar,C,7459.485,0.025786154,0.674612164,0.32295725
TR,Turkey,Geothermal,C,6275.373,0.021692883,0.674612164,0.32295725
TR,Turkey,Other,C,703.126,0.002430585,0.674612164,0.32295725
BA,Bosnia & Herzegovina,Conventional thermal,C,4003.505,0.533627985,0.533627985,0.466372015
BA,Bosnia & Herzegovina,Nuclear,C,0,0,0.533627985,0.466372015
BA,Bosnia & Herzegovina,Hydro,C,3476.554,0.46339058,0.533627985,0.466372015
BA,Bosnia & Herzegovina,Pumped hydro power,C,0,0,0.533627985,0.466372015
BA,Bosnia & Herzegovina,Wind,C,22.368,0.002981435,0.533627985,0.466372015
BA,Bosnia & Herzegovina,Solar,C,0,0,0.533627985,0.466372015
BA,Bosnia & Herzegovina,Geothermal,C,0,0,0.533627985,0.466372015
BA,Bosnia & Herzegovina,Other,C,0,0,0.533627985,0.466372015
UA,Ukraine,Conventional thermal,C,60830.7,0.38240865,0.38240865,0.08702887
UA,Ukraine,Nuclear,C,84397.9,0.530562479,0.38240865,0.08702887
UA,Ukraine,Hydro,C,11920.2,0.074935643,0.38240865,0.08702887
UA,Ukraine,Pumped hydro power,C,0,0,0.38240865,0.08702887
UA,Ukraine,Wind,C,1185.9,0.007455091,0.38240865,0.08702887
UA,Ukraine,Solar,C,737.8,0.004638137,0.38240865,0.08702887
UA,Ukraine,Geothermal,C,0,0,0.38240865,0.08702887
UA,Ukraine,Other,C,0,0,0.38240865,0.08702887
GE,Georgia,Conventional thermal,C,2114.901,0.174087218,0.174087218,0.825912782
GE,Georgia,Nuclear,C,0,0,0.174087218,0.825912782
GE,Georgia,Hydro,C,9949.387,0.818979753,0.174087218,0.825912782
GE,Georgia,Pumped hydro power,C,0,0,0.174087218,0.825912782
GE,Georgia,Wind,C,84.226,0.006933029,0.174087218,0.825912782
GE,Georgia,Solar,C,0,0,0.174087218,0.825912782
GE,Georgia,Geothermal,C,0,0,0.174087218,0.825912782
GE,Georgia,Other,C,0,0,0.174087218,0.825912782