country,country_name,type,level,2016,2017,2018,2016_ratio,2017_ratio,2018_ratio
BE,Belgium,Conventional thermal,Level 1,30728.0,31316.0,30092.635,0.3674279564749492,0.37262454234029063,0.42869728110199595
BE,Belgium,Nuclear,Level 1,41430.0,40128.5,26995.628,0.4953963888556738,0.4774832017914916,0.38457756608023574
BE,Belgium,Hydro,Level 1,1476.0,1360.9,1239.248,0.017649168958507714,0.016193151733008733,0.017654228292440538
BE,Belgium,Pumped hydro power,Level 2,1110.0,1093.2,983.1900000000002,0.013272749013511897,0.01300782825668686,0.014006446421414128
BE,Belgium,Wind,Level 1,5340.0,6387.900000000001,7177.346000000001,0.06385268444338156,0.07600869568321442,0.10224789938562333
BE,Belgium,Solar,Level 1,3070.0,3264.3,3488.9790000000003,0.036709314839172544,0.038841432288970835,0.04970371691019949
BE,Belgium,Geothermal,Level 1,0.0,0.0,0.0,0.0,0.0,0.0
BE,Belgium,Other,Level 1,476.0,490.9,218.509,0.0056917374148033,0.005841147906336973,0.003112861808090785
BG,Bulgaria,Conventional thermal,Level 1,18909.0,20234.209,19334.0,0.4519359464627151,0.48228342947122227,0.45287173240888223
BG,Bulgaria,Nuclear,Level 1,14932.0,14718.368,15290.0,0.3568833652007648,0.35081307083758473,0.35814672538180453
BG,Bulgaria,Hydro,Level 1,4535.0,3458.015,4690.0,0.10838910133843212,0.08242196832912661,0.10985664761547831
BG,Bulgaria,Pumped hydro power,Level 2,619.0,603.713,987.0,0.014794455066921607,0.01438953092045061,0.02311908554295887
BG,Bulgaria,Wind,Level 1,1425.0,1504.063,1326.0,0.034058317399617594,0.035849420245722234,0.031059683313032885
BG,Bulgaria,Solar,Level 1,1386.0,1402.766,1043.0,0.03312619502868069,0.0334350009543555,0.024430806708516817
BG,Bulgaria,Geothermal,Level 1,0.0,0.0,0.0,0.0,0.0,0.0
BG,Bulgaria,Other,Level 1,34.0,33.882,22.0,0.0008126195028680688,0.0008075792415381274,0.0005153190293263375
CZ,Czechia,Conventional thermal,Level 1,47817.0,47246.628,48042.91499999999,0.6163255310373272,0.5829947506491076,0.5787958035802372
CZ,Czechia,Nuclear,Level 1,22727.0,26785.6,28255.421,0.2929341101257991,0.3305180677229862,0.34040646999027663
CZ,Czechia,Hydro,Level 1,3169.0,3007.403,2650.153,0.040846050732109715,0.037109530061835906,0.03192765125191876
CZ,Czechia,Pumped hydro power,Level 2,1186.0,1155.492,1037.3170000000002,0.015286657042689214,0.014258070870518816,0.012497050326410068
CZ,Czechia,Wind,Level 1,488.0,581.917,600.67,0.006289956692101464,0.007180503046978861,0.007236556635594262
CZ,Czechia,Solar,Level 1,2110.0,2168.74,2317.645,0.027196329140028872,0.02676093700322371,0.02792176953019439
CZ,Czechia,Geothermal,Level 1,0.0,0.0,0.0,0.0,0.0,0.0
CZ,Czechia,Other,Level 1,87.0,95.478,100.826,0.0011213652299443184,0.0011781406453488172,0.0012146986853687168
DK,Denmark,Conventional thermal,Level 1,15533.149,14104.326,14072.337,0.5341902924870998,0.47563489754830446,0.48627436060616835
DK,Denmark,Nuclear,Level 1,0.0,0.0,0.0,0.0,0.0,0.0
DK,Denmark,Hydro,Level 1,19.272,17.871,14.928999999999998,0.0006627706537039841,0.000602657032607283,0.0005158766400697685
DK,Denmark,Pumped hydro power,Level 2,0.0,0.0,0.0,0.0,0.0,0.0
DK,Denmark,Wind,Level 1,12781.731,14780.0,13898.806,0.43956808895488164,0.49842039851914516,0.4802779382585264
DK,Denmark,Solar,Level 1,743.78,751.485,952.9729999999998,0.025578847904314514,0.025342046899943155,0.03293030406036623
DK,Denmark,Geothermal,Level 1,0.0,0.0,0.0,0.0,0.0,0.0
DK,Denmark,Other,Level 1,0.0,0.0,0.044,0.0,0.0,1.5204348692524493e-06
DE,Germany,Conventional thermal,Level 1,390141.0,376128.0,320437.701,0.6296598160766681,0.6018346509986895,0.5539488643237286
DE,Germany,Nuclear,Level 1,80038.0,72155.0,72274.13299999999,0.12917563742119992,0.11545372650483464,0.12494214560393474
DE,Germany,Hydro,Level 1,25690.0,25888.0,20041.878,0.04146183219658944,0.04142285457358685,0.034646908033504835
DE,Germany,Pumped hydro power,Level 2,5451.0,5910.0,6661.0830000000005,0.008797526169856329,0.009456469040864427,0.011515184859649506
DE,Germany,Wind,Level 1,78218.0,103707.0,112174.0,0.1262382869113598,0.16593943059575755,0.19391806804483946
DE,Germany,Solar,Level 1,38098.0,39401.0,46184.0,0.06148746138675223,0.06304472701846012,0.07983946417692929
DE,Germany,Geothermal,Level 1,165.0,157.0,165.25,0.0002662982605074838,0.00025121246013802285,0.00028567190921612604
DE,Germany,Other,Level 1,1805.0,1623.0,522.751,0.0029131415770667166,0.0025969288076688603,0.0009036930481975135
EE,Estonia,Conventional thermal,Level 1,9795.0,10485.0,10170.042999999998,0.9396584804297774,0.9333273989674203,0.9387030427787412
EE,Estonia,Nuclear,Level 1,0.0,0.0,0.0,0.0,0.0,0.0
EE,Estonia,Hydro,Level 1,35.0,26.0,18.2,0.003357636224098235,0.0023144027060708564,0.0016798744487681214
EE,Estonia,Pumped hydro power,Level 2,0.0,0.0,0.0,0.0,0.0,0.0
EE,Estonia,Wind,Level 1,594.0,723.0,645.9,0.05698388334612433,0.06435819832650881,0.05961708277249064
EE,Estonia,Solar,Level 1,0.0,0.0,0.0,0.0,0.0,0.0
EE,Estonia,Geothermal,Level 1,0.0,0.0,0.0,0.0,0.0,0.0
EE,Estonia,Other,Level 1,0.0,0.0,0.0,0.0,0.0,0.0
IE,Ireland,Conventional thermal,Level 1,22571.711,21745.666,19963.734,0.7529446343101368,0.7179593423938161,0.677429767897131
IE,Ireland,Nuclear,Level 1,0.0,0.0,0.0,0.0,0.0,0.0
IE,Ireland,Hydro,Level 1,962.861,885.765,921.979,0.03211901054095955,0.029244597839195106,0.03128553105225851
IE,Ireland,Pumped hydro power,Level 2,288.676,201.184,234.93600000000004,0.009629622019088985,0.006642331963535055,0.007972087784313315
IE,Ireland,Wind,Level 1,6148.508,7444.742,8349.172,0.20510124853241965,0.24579711978523092,0.28331261326629703
IE,Ireland,Solar,Level 1,6.16,10.801,0.0,0.00020548459739496236,0.0003566080182228315,0.0
IE,Ireland,Geothermal,Level 1,0.0,0.0,0.0,0.0,0.0,0.0
IE,Ireland,Other,Level 1,0.0,0.0,0.0,0.0,0.0,0.0
EL,Greece,Conventional thermal,Level 1,35586.0,37021.751,34803.244,0.7081931978745846,0.7306952325121342,0.6778305733041563
EL,Greece,Nuclear,Level 1,0.0,0.0,0.0,0.0,0.0,0.0
EL,Greece,Hydro,Level 1,5565.0,4039.0,5802.417,0.11074847260642003,0.07971740839909247,0.1130083058251634
EL,Greece,Pumped hydro power,Level 2,22.0,77.259,636.1,0.0004378196581026488,0.0015248544826703355,0.01238873099527084
EL,Greece,Wind,Level 1,5146.0,5536.987,6300.26,0.10240999820891958,0.10928305372108588,0.12270433318702258
EL,Greece,Solar,Level 1,3930.0,3991.477,3792.038,0.07821051165197318,0.07877945088501719,0.07385401462953127
EL,Greece,Geothermal,Level 1,0.0,0.0,0.0,0.0,0.0,0.0
EL,Greece,Other,Level 1,0.0,0.0,10.99,0.0,0.0,0.00021404205885556756
ES,Spain,Conventional thermal,Level 1,108210.0,126885.0,110084.238,0.4041396206966096,0.47492766696485716,0.4184430031185423
ES,Spain,Nuclear,Level 1,56100.0,55540.0,53270.8,0.2095206794296257,0.20788495585158345,0.20248851184787459
ES,Spain,Hydro,Level 1,39180.0,20708.0,36083.636,0.14632834616849794,0.07750957266428862,0.13715810079256166
ES,Spain,Pumped hydro power,Level 2,3410.0,2249.0,2009.408,0.012735570710428228,0.008417955810410717,0.007637993715416587
ES,Spain,Wind,Level 1,47712.0,47929.0,49495.207,0.17819341634485386,0.17939715608589385,0.18813704335269052
ES,Spain,Solar,Level 1,13051.0,13778.0,12137.315,0.048742502446275315,0.05157074039832764,0.04613534717291436
ES,Spain,Geothermal,Level 1,0.0,0.0,0.0,0.0,0.0,0.0
ES,Spain,Other,Level 1,91.0,78.0,0.0,0.00033986420370937505,0.000291952224638522,0.0
FR,France,Conventional thermal,Level 1,60607.854,68922.949,53956.44,0.11119471813248903,0.12702401162343085,0.09621885059816489
FR,France,Nuclear,Level 1,384008.125,379093.955,393153.254,0.7045237935657747,0.698664750202322,0.7010980377654339
FR,France,Hydro,Level 1,64879.956,54432.864,68706.552,0.11903256663514748,0.10031899171105739,0.12252226911195487
FR,France,Pumped hydro power,Level 2,4786.979,5070.791,9082.043,0.008782471997954988,0.009345395463621103,0.016195726377483562
FR,France,Wind,Level 1,21472.916,24710.749,26134.02,0.03939546914336571,0.045541557837284107,0.04660398954989345
FR,France,Solar,Level 1,8657.27,9572.843,9651.478,0.015883134510039792,0.017642613064935437,0.01721118220055799
FR,France,Geothermal,Level 1,87.93299999999999,119.937,84.084,0.00016132703113930013,0.00022104217975466237,0.0001499443965112616
FR,France,Other,Level 1,559.515,673.71,0.0,0.001026518984089085,0.0012416379175943504,0.0
HR,Croatia,Conventional thermal,Level 1,4241.0,4808.0,4155.654,0.33957882936984546,0.4101269278012829,0.3002525626189984
HR,Croatia,Nuclear,Level 1,0.0,0.0,0.0,0.0,0.0,0.0
HR,Croatia,Hydro,Level 1,6967.0,5437.8,7681.336999999999,0.5578509087997437,0.4638494608980483,0.5549887258636376
HR,Croatia,Pumped hydro power,Level 2,205.0,200.3,583.988,0.016414444711345986,0.01708577862699604,0.042194055024490404
HR,Croatia,Wind,Level 1,1010.0,1198.4,1350.356,0.08087116662663144,0.1022246485601201,0.09756535299809373
HR,Croatia,Solar,Level 1,66.0,78.7,69.193,0.005284650492433342,0.006713184113552613,0.004999303494779968
HR,Croatia,Geothermal,Level 1,0.0,0.0,0.0,0.0,0.0,0.0
HR,Croatia,Other,Level 1,0.0,0.0,0.0,0.0,0.0,0.0
IT,Italy,Conventional thermal,Level 1,190121.0,199722.444,185046.0,0.675318680576889,0.6956749613674706,0.6565034448993493
IT,Italy,Nuclear,Level 1,0.0,0.0,0.0,0.0,0.0,0.0
IT,Italy,Hydro,Level 1,43784.622,37556.721000000005,49275.0,0.155525024371836,0.1308178986171623,0.17481711167717995
IT,Italy,Pumped hydro power,Level 2,1825.204,1825.96,1632.0,0.0064832099403204285,0.006360199820399488,0.005789985312169612
IT,Italy,Wind,Level 1,17523.0,17565.332,17318.0,0.062242515238973214,0.06118371784248142,0.06144054266921161
IT,Italy,Solar,Level 1,21757.0,24016.821,22887.0,0.07728188118782972,0.08365560067622875,0.08119815798996687
IT,Italy,Geothermal,Level 1,5867.0,5821.46,5708.0,0.020839858295215195,0.02027736031811365,0.02025075745212264
IT,Italy,Other,Level 1,650.0,582.871,0.0,0.002308830388936403,0.0020302613581437,0.0
CY,Cyprus,Conventional thermal,Level 1,4295.0,4394.819,4380.142999999999,0.9201656169565849,0.9197491566002829,0.9142277793026006
CY,Cyprus,Nuclear,Level 1,0.0,0.0,0.0,0.0,0.0,0.0
CY,Cyprus,Hydro,Level 1,0.0,0.0,0.0,0.0,0.0,0.0
CY,Cyprus,Pumped hydro power,Level 2,0.0,0.0,0.0,0.0,0.0,0.0
CY,Cyprus,Wind,Level 1,226.701,211.448,220.613,0.04856867649119319,0.04425190654377725,0.04604656356545543
CY,Cyprus,Solar,Level 1,145.937,172.013,190.329,0.03126570655222192,0.035998936855939793,0.03972565713194402
CY,Cyprus,Geothermal,Level 1,0.0,0.0,0.0,0.0,0.0,0.0
CY,Cyprus,Other,Level 1,0.0,0.0,0.0,0.0,0.0,0.0
LV,Latvia,Conventional thermal,Level 1,3277.0,2520.3830000000003,3962.0,0.5528935380462291,0.3587805819305413,0.6095384615384616
LV,Latvia,Nuclear,Level 1,0.0,0.0,0.0,0.0,0.0,0.0
LV,Latvia,Hydro,Level 1,2523.0,4355.513,2418.0,0.42567909566391093,0.6200142949488382,0.372
LV,Latvia,Pumped hydro power,Level 2,0.0,0.0,0.0,0.0,0.0,0.0
LV,Latvia,Wind,Level 1,127.0,148.523,120.0,0.021427366289859962,0.02114248841151118,0.018461538461538463
LV,Latvia,Solar,Level 1,0.0,0.44,0.0,0.0,6.263470910946398e-05,0.0
LV,Latvia,Geothermal,Level 1,0.0,0.0,0.0,0.0,0.0,0.0
LV,Latvia,Other,Level 1,0.0,0.0,0.0,0.0,0.0,0.0
LT,Lithuania,Conventional thermal,Level 1,1566.0,1165.3000000000002,802.8350000000002,0.3383751080380294,0.2553466561486546,0.21717148901787206
LT,Lithuania,Nuclear,Level 1,0.0,0.0,0.0,0.0,0.0,0.0
LT,Lithuania,Hydro,Level 1,1027.0,1164.6,940.677,0.22191011235955055,0.2551932684722587,0.25445854350503505
LT,Lithuania,Pumped hydro power,Level 2,577.0,567.5,513.6840000000001,0.12467588591184096,0.12435358050661757,0.1389544790207908
LT,Lithuania,Wind,Level 1,1130.0,1356.2,1136.357,0.24416594641313744,0.2971776667543167,0.307391109936515
LT,Lithuania,Solar,Level 1,66.0,67.0,80.01400000000001,0.014261019878997408,0.014681391883600665,0.02164424760041106
LT,Lithuania,Geothermal,Level 1,0.0,0.0,0.0,0.0,0.0,0.0
LT,Lithuania,Other,Level 1,262.0,243.0,223.212,0.05661192739844425,0.053247436234551665,0.06038013091937602
LU,Luxembourg,Conventional thermal,Level 1,449.564,450.167,463.132,0.1258452052804353,0.12737681854914468,0.13611856986329715
LU,Luxembourg,Nuclear,Level 1,0.0,0.0,0.0,0.0,0.0,0.0
LU,Luxembourg,Hydro,Level 1,1516.352,1411.286,1326.3289999999995,0.4244682152427655,0.3993298503509769,0.3898197633681477
LU,Luxembourg,Pumped hydro power,Level 2,1404.667,1329.398,1237.554,0.39320454254711945,0.3761592649518864,0.36372800974366454
LU,Luxembourg,Wind,Level 1,101.486,234.823,263.708,0.02840869487568012,0.06644424549592885,0.07750610154666568
LU,Luxembourg,Solar,Level 1,100.288,108.462,111.693,0.028073342053999643,0.03068982065206319,0.032827555478224885
LU,Luxembourg,Geothermal,Level 1,0.0,0.0,0.0,0.0,0.0,0.0
LU,Luxembourg,Other,Level 1,0.0,0.0,0.0,0.0,0.0,0.0
HU,Hungary,Conventional thermal,Level 1,13156.0,14096.0,13489.644,0.44524164072018413,0.45951232233668016,0.45343525598877227
HU,Hungary,Nuclear,Level 1,15162.0,15206.0,14854.662,0.5131311763909571,0.49569696179423656,0.4993184005891251
HU,Hungary,Hydro,Level 1,253.0,214.0,215.862,0.008562339244618924,0.006976137697222585,0.0072558950575899814
HU,Hungary,Pumped hydro power,Level 2,0.0,0.0,0.0,0.0,0.0,0.0
HU,Hungary,Wind,Level 1,665.0,737.0,589.406,0.022505753350480575,0.024025296648846003,0.019812046966644802
HU,Hungary,Solar,Level 1,241.0,346.0,594.258,0.008156220387166645,0.011279175902986048,0.019975140066956238
HU,Hungary,Geothermal,Level 1,0.0,1.0,6.047,0.0,3.259877428608684e-05,0.00020326133091163158
HU,Hungary,Other,Level 1,71.0,76.0,0.0,0.0024028699065926627,0.0024775068457426,0.0
MT,Malta,Conventional thermal,Level 1,680.0,1439.156,1716.4900000000002,0.8424599831508004,0.9025983107750027,1.0
MT,Malta,Nuclear,Level 1,0.0,0.0,0.0,0.0,0.0,0.0
MT,Malta,Hydro,Level 1,0.0,0.0,0.0,0.0,0.0,0.0
MT,Malta,Pumped hydro power,Level 2,0.0,0.0,0.0,0.0,0.0,0.0
MT,Malta,Wind,Level 1,0.0,0.058,0.0,0.0,3.6375974546852576e-05,0.0
MT,Malta,Solar,Level 1,127.16,155.245,0.0,0.15754001684919966,0.09736531325045047,0.0
MT,Malta,Geothermal,Level 1,0.0,0.0,0.0,0.0,0.0,0.0
MT,Malta,Other,Level 1,0.0,0.0,0.0,0.0,0.0,0.0
NL,Netherlands,Conventional thermal,Level 1,97271.8,97231.607,94450.0,0.8760679655847388,0.8569301358513672,0.8391723633468667
NL,Netherlands,Nuclear,Level 1,3750.0,3277.664,3313.371,0.0337739701634263,0.028886996147200732,0.029438744020274975
NL,Netherlands,Hydro,Level 1,100.079,60.757,86.0,0.0009013507093294774,0.0005354689269295068,0.0007640955346514616
NL,Netherlands,Pumped hydro power,Level 2,0.0,0.0,0.0,0.0,0.0,0.0
NL,Netherlands,Wind,Level 1,8170.462,10568.797,12279.0,0.07358638394917556,0.09314584967206727,0.10909684965099181
NL,Netherlands,Solar,Level 1,1601.811,2204.344,2423.0,0.014426537845719477,0.019427518084558105,0.021527947447215014
NL,Netherlands,Geothermal,Level 1,0.0,0.0,0.0,0.0,0.0,0.0
NL,Netherlands,Other,Level 1,138.101,121.865,0.0,0.0012437917476104893,0.0010740313178771884,0.0
AT,Austria,Conventional thermal,Level 1,18065.01,20135.846,16350.754,0.2666629527246923,0.28211733029499125,0.20700989003331452
AT,Austria,Nuclear,Level 1,0.0,0.0,0.0,0.0,0.0,0.0
AT,Austria,Hydro,Level 1,40772.188,40098.554,37217.295000000006,0.6018503195473608,0.5618088757318437,0.47119222424161156
AT,Austria,Pumped hydro power,Level 2,2883.861,3683.851,13397.582,0.042569524705914026,0.051613337195990365,0.1696210447868223
AT,Austria,Wind,Level 1,4968.262,6239.497,5857.059,0.07333798402712677,0.08741973076391263,0.0741537142267956
AT,Austria,Solar,Level 1,1040.698,1204.311,0.0,0.015362050813959246,0.01687324208602366,0.0
AT,Austria,Geothermal,Level 1,0.02,0.086,0.0,2.9522591210820515e-07,1.204920339844139e-06,0.0
AT,Austria,Other,Level 1,14.692,11.868,6162.686,0.0002168729550346875,0.0001662790068984912,0.07802312671145605
PL,Poland,Conventional thermal,Level 1,136945.0,137068.099,138957.387,0.898135456495078,0.8825023989403077,0.8994071995094333
PL,Poland,Nuclear,Level 1,0.0,0.0,0.0,0.0,0.0,0.0
PL,Poland,Hydro,Level 1,2591.0,2999.86,2353.336,0.016992726771906583,0.019314367572027622,0.01523206061196827
PL,Poland,Pumped hydro power,Level 2,474.0,448.193,402.36,0.0031086655692333927,0.0028856561123551685,0.0026042910607884102
PL,Poland,Wind,Level 1,12279.0,14574.192,12487.345,0.08053017832197643,0.09383481274236277,0.0808248358596303
PL,Poland,Solar,Level 1,124.0,165.463,298.432,0.0008132374062973432,0.0010653207821599696,0.0019316129581797563
PL,Poland,Geothermal,Level 1,0.0,0.0,0.0,0.0,0.0,0.0
PL,Poland,Other,Level 1,64.0,61.73,0.0,0.0004197354355083062,0.00039744385078679175,0.0
PT,Portugal,Conventional thermal,Level 1,28702.0,36882.017,30887.0,0.477983865321726,0.6212344270369076,0.5046483130463197
PT,Portugal,Nuclear,Level 1,0.0,0.0,0.0,0.0,0.0,0.0
PT,Portugal,Hydro,Level 1,16794.113,7489.938,13489.0,0.27967789862691966,0.12615924291700104,0.22039049097295974
PT,Portugal,Pumped hydro power,Level 2,1186.0,1699.948,3120.0,0.01975084887016818,0.028633635242143535,0.05097622743239932
PT,Portugal,Wind,Level 1,12343.336,12112.464,12530.0,0.20555764240278768,0.20402028536143155,0.20472183645127032
PT,Portugal,Solar,Level 1,870.6030000000001,991.546,974.0,0.014498438683739482,0.016701432331933948,0.015913732538191325
PT,Portugal,Geothermal,Level 1,152.0,193.007,205.0,0.002531306094658991,0.0032509771105824394,0.0033493995588595705
PT,Portugal,Other,Level 1,0.0,0.0,0.0,0.0,0.0,0.0
RO,Romania,Conventional thermal,Level 1,23304.0,24923.065,22611.0,0.38352286753451936,0.4173793648166809,0.38505159905997755
RO,Romania,Nuclear,Level 1,10366.0,10557.906,10443.0,0.17059723845103106,0.17681019971156137,0.17783794829876368
RO,Romania,Hydro,Level 1,18239.0,14687.531,17653.0,0.3001662195744121,0.2459678357980975,0.30061986989543954
RO,Romania,Pumped hydro power,Level 2,507.0,357.788,0.0,0.008343893487813307,0.005991772206950897,0.0
RO,Romania,Wind,Level 1,6527.0,7331.254,6261.0,0.10741734279084311,0.12277439142536246,0.10662102789414529
RO,Romania,Solar,Level 1,1820.0,1855.674,1754.0,0.029952438161381104,0.031076436041346824,0.029869554851673988
RO,Romania,Geothermal,Level 1,0.0,0.0,0.0,0.0,0.0,0.0
RO,Romania,Other,Level 1,0.0,0.0,0.0,0.0,0.0,0.0
SI,Slovenia,Conventional thermal,Level 1,5121.0,5054.639999999999,4703.068,0.32362234580384225,0.3226014390516846,0.3039694553570465
SI,Slovenia,Nuclear,Level 1,5431.0,5967.827,5489.905999999999,0.3432128412537917,0.3808836194489614,0.3548244968563885
SI,Slovenia,Hydro,Level 1,4721.0,4085.015,4831.147,0.2983442871587462,0.2607172256674496,0.3122474781014923
SI,Slovenia,Pumped hydro power,Level 2,278.0,271.498,187.919,0.017568250758341758,0.017327771216081516,0.012145611350131622
SI,Slovenia,Wind,Level 1,6.0,5.716,6.02,0.00037917087967644087,0.0003648113071592496,0.00038908561841959755
SI,Slovenia,Solar,Level 1,267.0,283.678,254.113,0.016873104145601617,0.01810513330866368,0.016423872716521463
SI,Slovenia,Geothermal,Level 1,0.0,0.0,0.0,0.0,0.0,0.0
SI,Slovenia,Other,Level 1,0.0,0.0,0.0,0.0,0.0,0.0
SK,Slovakia,Conventional thermal,Level 1,6065.0,6417.0,5426.0,0.24025511012517825,0.2468931553229964,0.22598917117867556
SK,Slovakia,Nuclear,Level 1,13732.0,14016.0,13807.0,0.5439708445571225,0.5392635912431226,0.5750520616409829
SK,Slovakia,Hydro,Level 1,4549.0,4620.0,3838.0,0.18020123593725243,0.17775383786695395,0.15985006247396918
SK,Slovakia,Pumped hydro power,Level 2,247.0,299.0,293.0,0.009784503248296625,0.0115039821476665,0.012203248646397335
SK,Slovakia,Wind,Level 1,6.0,6.0,5.0,0.00023768024084931072,0.00023084914008695317,0.00020824656393169514
SK,Slovakia,Solar,Level 1,533.0,506.0,586.0,0.02111392806211377,0.019468277480666384,0.02440649729279467
SK,Slovakia,Geothermal,Level 1,0.0,0.0,0.0,0.0,0.0,0.0
SK,Slovakia,Other,Level 1,112.0,127.0,55.0,0.004436697829187134,0.004886306798507175,0.0022907122032486465
FI,Finland,Conventional thermal,Level 1,24950.0,23681.0,26425.0,0.3768882175226586,0.364110212491159,0.3919246524596094
FI,Finland,Nuclear,Level 1,22280.0,21574.0,21890.0,0.3365558912386707,0.3317137673360189,0.3246634112522554
FI,Finland,Hydro,Level 1,15634.0,14610.0,13158.674,0.23616314199395771,0.22463790399458777,0.19516400129722983
FI,Finland,Pumped hydro power,Level 2,0.0,0.0,0.0,0.0,0.0,0.0
FI,Finland,Wind,Level 1,3068.0,4795.0,5861.0,0.04634441087613293,0.0737261293397706,0.08692792386247003
FI,Finland,Solar,Level 1,19.0,43.0,89.0,0.00028700906344410876,0.0006611519419416341,0.001320011128435392
FI,Finland,Geothermal,Level 1,0.0,0.0,0.0,0.0,0.0,0.0
FI,Finland,Other,Level 1,249.0,335.0,0.0,0.0037613293051359515,0.005150834896522034,0.0
SE,Sweden,Conventional thermal,Level 1,14621.0,15003.0,14869.986,0.09578119882083197,0.09344694209316666,0.09394313956928693
SE,Sweden,Nuclear,Level 1,60524.0,63008.0,65801.155,0.3964886996396987,0.39244850545932447,0.41570766024832045
SE,Sweden,Hydro,Level 1,61764.0,64676.0,60977.60199999999,0.40461185718964954,0.40283772757566133,0.38523421442941697
SE,Sweden,Pumped hydro power,Level 2,119.0,25.0,0.0,0.0007795610874549623,0.0001557137607364638,0.0
SE,Sweden,Wind,Level 1,15479.0,17609.0,16638.345,0.10140189977071733,0.10967854451233565,0.10511498575297565
SE,Sweden,Solar,Level 1,143.0,230.0,0.0,0.0009367834916475597,0.001432566598775467,0.0
SE,Sweden,Geothermal,Level 1,0.0,0.0,0.0,0.0,0.0,0.0
SE,Sweden,Other,Level 1,0.0,0.0,0.0,0.0,0.0,0.0
UK,,Conventional thermal,Level 1,203165.188,189296.528,180837.905,0.6208762599938822,0.5801350419785202,0.5653099076913939
UK,,Nuclear,Level 1,65149.08,63886.86,59097.753,0.19909669333922617,0.19579337560790255,0.18474304539857833
UK,,Hydro,Level 1,8286.51,8723.43,7678.659000000001,0.025323715090411574,0.026734602492269076,0.02400393883397229
UK,,Pumped hydro power,Level 2,2948.89,2862.01,2515.998,0.009011857850043478,0.008771171394611869,0.007865157457623343
UK,,Wind,Level 1,37262.699,50003.654,56903.96100000001,0.11387544007981217,0.15324566287010505,0.17788512281307775
UK,,Solar,Level 1,10410.948,11524.87,12857.348999999998,0.03181603364662448,0.03532014565659117,0.04019282780535439
UK,,Geothermal,Level 1,0.0,0.0,0.0,0.0,0.0,0.0
UK,,Other,Level 1,0.0,0.0,0.0,0.0,0.0,0.0
NO,Norway,Conventional thermal,Level 1,3212.0,3233.0,3457.28,0.02140391561046473,0.02158225355309448,0.022997003946590207
NO,Norway,Nuclear,Level 1,0.0,0.0,0.0,0.0,0.0,0.0
NO,Norway,Hydro,Level 1,143442.0,142276.0,139512.026,0.9558594218543841,0.9497793710238386,0.9280008019364344
NO,Norway,Pumped hydro power,Level 2,999.0,1157.0,3490.918,0.006657070888808924,0.007723683068645318,0.023220755918879232
NO,Norway,Wind,Level 1,2116.0,2852.0,3875.881,0.014100462463182866,0.019038845386150777,0.02578143819809619
NO,Norway,Solar,Level 1,0.0,0.0,0.0,0.0,0.0,0.0
NO,Norway,Geothermal,Level 1,0.0,0.0,0.0,0.0,0.0,0.0
NO,Norway,Other,Level 1,297.0,281.0,0.0,0.00197912918315941,0.0018758469682708162,0.0
ME,Montenegro,Conventional thermal,Level 1,1216.0,1265.0,1444.0,0.4022494211048627,0.535155258482105,0.38578680203045684
ME,Montenegro,Nuclear,Level 1,0.0,0.0,0.0,0.0,0.0,0.0
ME,Montenegro,Hydro,Level 1,1807.0,1003.8,2137.0,0.5977505788951373,0.42465521617734153,0.570932407160032
ME,Montenegro,Pumped hydro power,Level 2,0.0,0.0,0.0,0.0,0.0,0.0
ME,Montenegro,Wind,Level 1,0.0,95.0,162.0,0.0,0.040189525340553346,0.04328079080951109
ME,Montenegro,Solar,Level 1,0.0,0.0,0.0,0.0,0.0,0.0
ME,Montenegro,Geothermal,Level 1,0.0,0.0,0.0,0.0,0.0,0.0
ME,Montenegro,Other,Level 1,0.0,0.0,0.0,0.0,0.0,0.0
MK,North Macedonia,Conventional thermal,Level 1,3281.378,4005.609,3309.1140000000005,0.6209729170802383,0.7663501927063354,0.6359111991845858
MK,North Macedonia,Nuclear,Level 1,0.0,0.0,0.0,0.0,0.0,0.0
MK,North Macedonia,Hydro,Level 1,1869.694,1087.024,1774.496,0.3538237098034481,0.20796863894514206,0.3410042323438391
MK,North Macedonia,Pumped hydro power,Level 2,0.0,0.0,0.0,0.0,0.0,0.0
MK,North Macedonia,Wind,Level 1,109.482,110.48,97.338,0.0207185386468059,0.021136953030162442,0.018705407038327845
MK,North Macedonia,Solar,Level 1,23.699,23.752,22.787999999999997,0.004484834469507801,0.004544215318360049,0.0043791614332471885
MK,North Macedonia,Geothermal,Level 1,0.0,0.0,0.0,0.0,0.0,0.0
MK,North Macedonia,Other,Level 1,0.0,0.0,0.0,0.0,0.0,0.0
AL,Albania,Conventional thermal,Level 1,0.0,0.0,0.0,0.0,0.0,0.0
AL,Albania,Nuclear,Level 1,0.0,0.0,0.0,0.0,0.0,0.0
AL,Albania,Hydro,Level 1,7136.0,4496.607,8596.537,1.0,0.9997332033144153,1.0
AL,Albania,Pumped hydro power,Level 2,0.0,0.0,0.0,0.0,0.0,0.0
AL,Albania,Wind,Level 1,0.0,0.0,0.0,0.0,0.0,0.0
AL,Albania,Solar,Level 1,0.0,1.2,0.0,0.0,0.00026679668558477496,0.0
AL,Albania,Geothermal,Level 1,0.0,0.0,0.0,0.0,0.0,0.0
AL,Albania,Other,Level 1,0.0,0.0,0.0,0.0,0.0,0.0
RS,Serbia,Conventional thermal,Level 1,25161.0,24566.923000000003,23625.089,0.6735464182460649,0.7039780803571992,0.6492364980065148
RS,Serbia,Nuclear,Level 1,0.0,0.0,0.0,0.0,0.0,0.0
RS,Serbia,Hydro,Level 1,11429.0,9670.033,11453.07,0.30594817432273264,0.2770998740188491,0.31473959984758043
RS,Serbia,Pumped hydro power,Level 2,728.0,598.732,1147.848,0.01948816789806189,0.01715697989562741,0.031543788713929585
RS,Serbia,Wind,Level 1,26.0,48.457,150.41899999999998,0.0006960059963593533,0.001388560783125701,0.004133635424342399
RS,Serbia,Solar,Level 1,12.0,13.139,12.608,0.00032123353678124,0.00037650494519860054,0.00034647800763273906
RS,Serbia,Geothermal,Level 1,0.0,0.0,0.0,0.0,0.0,0.0
RS,Serbia,Other,Level 1,0.0,0.0,0.0,0.0,0.0,0.0
TR,Turkey,Conventional thermal,Level 1,174166.0,199910.043,195153.546,0.664915609478615,0.7032709062658075,0.6746121641656553
TR,Turkey,Nuclear,Level 1,0.0,0.0,0.0,0.0,0.0,0.0
TR,Turkey,Hydro,Level 1,66686.0,57823.851,59865.351,0.2545879352668772,0.20342065604252318,0.20694419765576064
TR,Turkey,Pumped hydro power,Level 2,0.0,0.0,0.0,0.0,0.0,0.0
TR,Turkey,Wind,Level 1,15381.0,17793.167,19825.697000000004,0.058720226619377945,0.06259523780618095,0.06853401659051864
TR,Turkey,Solar,Level 1,1013.0,2817.837,7459.485000000001,0.0038673421471575225,0.009912972609881956,0.025786153634181175
TR,Turkey,Geothermal,Level 1,4010.0,5101.487,6275.3730000000005,0.01530902468914281,0.017946709089514002,0.02169288259039229
TR,Turkey,Other,Level 1,681.0,811.134,703.126,0.0025998617988294897,0.0028535181860923787,0.002430585363491886
BA,Bosnia & Herzegovina,Conventional thermal,Level 1,10971.0,11250.0,4003.505,0.6605454873863568,0.7288157553770407,0.5336279846508336
BA,Bosnia & Herzegovina,Nuclear,Level 1,0.0,0.0,0.0,0.0,0.0,0.0
BA,Bosnia & Herzegovina,Hydro,Level 1,5614.0,3968.0,3476.554,0.3380095129146848,0.25706141487431977,0.4633905801415995
BA,Bosnia & Herzegovina,Pumped hydro power,Level 2,0.0,197.0,0.0,0.0,0.012762373671935735,0.0
BA,Bosnia & Herzegovina,Wind,Level 1,0.0,0.0,22.368,0.0,0.0,0.002981435207566831
BA,Bosnia & Herzegovina,Solar,Level 1,24.0,21.0,0.0,0.0014449996989583961,0.0013604560767038092,0.0
BA,Bosnia & Herzegovina,Geothermal,Level 1,0.0,0.0,0.0,0.0,0.0,0.0
BA,Bosnia & Herzegovina,Other,Level 1,0.0,0.0,0.0,0.0,0.0,0.0
UA,Ukraine,Conventional thermal,Level 1,65415.0,54041.9,60830.7,0.42609528276077696,0.3689753442465357,0.3824086501438023
UA,Ukraine,Nuclear,Level 1,75931.0,80295.3,84397.90000000001,0.4945936087336017,0.5482225080701985,0.5305624793726131
UA,Ukraine,Hydro,Level 1,9025.0,8812.0,11920.2,0.05878636286655984,0.06016462658604662,0.07493564255292398
UA,Ukraine,Pumped hydro power,Level 2,1633.0,1559.0,0.0,0.010636911973528224,0.010644195738498261,0.0
UA,Ukraine,Wind,Level 1,949.0,974.0,1185.9,0.006181524472062636,0.006650061994417772,0.007455091231985416
UA,Ukraine,Solar,Level 1,490.0,737.6,737.8000000000001,0.003191724964500202,0.005036022307066272,0.004638136698675133
UA,Ukraine,Geothermal,Level 1,0.0,0.0,0.0,0.0,0.0,0.0
UA,Ukraine,Other,Level 1,79.0,45.0,0.0,0.0005145842289704407,0.0003072410572369607,0.0
GE,Georgia,Conventional thermal,Level 1,2135.0,2131.3,2114.901,0.18785745710514737,0.18834726665370546,0.17408721758068516
GE,Georgia,Nuclear,Level 1,0.0,0.0,0.0,0.0,0.0,0.0
GE,Georgia,Hydro,Level 1,9221.0,9096.8,9949.387,0.8113506379234492,0.8039025079976669,0.8189797534085238
GE,Georgia,Pumped hydro power,Level 2,0.0,0.0,0.0,0.0,0.0,0.0
GE,Georgia,Wind,Level 1,9.0,87.7,84.22600000000001,0.0007919049714034316,0.007750225348627584,0.00693302901079095
GE,Georgia,Solar,Level 1,0.0,0.0,0.0,0.0,0.0,0.0
GE,Georgia,Geothermal,Level 1,0.0,0.0,0.0,0.0,0.0,0.0
GE,Georgia,Other,Level 1,0.0,0.0,0.0,0.0,0.0,0.0
